Ticker,3M_Return,6M_Return,9M_Return,12M_Return,Weighted_Return,ADTV_Crore,Liquidity_Pass,RS_Rank,Strong_Stock
KABRAEXTRU.NS,152.1463772545085,250.5241050699286,255.97997043379306,212.30135583782635,204.61963717011304,24.575544219094194,True,99,True
TBZ.NS,164.29301701120104,334.8413831006411,262.3545912421485,215.5563983202868,228.26768133709572,98.00177000147866,True,99,True
BLISSGVS.NS,25.15742086682735,158.1768777492785,308.89541185271776,333.3135097431266,170.1401282157555,24.07212455069596,True,99,True
MOREPENLAB.NS,107.97881063999827,227.06387542418162,213.9845087781957,163.15255790447821,164.03171267737042,272.5067625967109,True,99,True
CUPID.NS,77.00527141248963,295.6982483645083,369.2988028178587,752.4659185669685,314.29470251486293,736.8827486959469,True,99,True
SHILPAMED.NS,62.12313430920495,143.8424850136113,222.30284296751773,165.4110871043556,131.16053674077892,178.84572553811165,True,99,True
BODALCHEM.NS,191.3402961644843,166.17829439486567,228.86813613439307,174.73734029978104,190.49287263160167,33.112756068335464,True,99,True
INDSWFTLAB.NS,51.830037244412864,151.97235541569842,299.4908219241479,271.1435641967979,165.253363205094,43.68904094863983,True,99,True
HFCL.NS,21.325065448636682,227.09457593274402,287.5000085149496,243.2186430337456,160.0926716757425,316.8992914231188,True,99,True
RAYMOND.NS,89.70423270758394,223.54464228655416,175.8572573341691,101.69981305583829,136.1020356183459,269.7684442588656,True,99,True
BIRLACABLE.NS,99.93771664335793,202.21247055850387,180.79897417507098,137.9099521305099,144.15936603016013,11.219305321969989,True,99,True
WELCORP.NS,62.99770742325994,178.0392601972381,228.93981091191785,205.5487852510419,147.70465424134355,517.8218675880008,True,99,True
E2E.NS,82.0906973402427,190.72453119800946,237.3712975793285,99.45084425461026,138.34561354248672,58.45748564603513,True,99,True
STLTECH.NS,95.92781325351586,360.2829268427672,894.5141007023258,723.8922270327489,434.1089762169748,148.3397649498636,True,99,True
FCL.NS,60.14372066884779,153.12363552491504,137.84892107961565,131.30663547779656,108.51332668400457,102.76062161066676,True,98,True
CYIENTDLM.NS,81.17567418502713,206.96211944752213,128.9027769566569,118.10374187517083,123.26399732988082,53.33797075137848,True,98,True
RATNAVEER.NS,91.17566030791802,139.55938342701592,123.84365218470074,112.3871978589027,111.62831081729108,223.65670635450152,True,98,True
SHREEJISPG.NS,42.246358932698655,133.2758585611979,116.33577289619419,236.27437781294614,114.07574542714711,75.59572118537827,True,98,True
DIACABS.NS,67.47999690611391,186.81673784064597,166.1566402648652,150.80651375194728,127.74797713393725,52.514741112170526,True,98,True
SKYGOLD.NS,47.7856196982932,142.5599079248449,174.31124348473568,223.78272472341067,127.24502310591555,95.9453583279142,True,98,True
YASHO.NS,38.77207737594617,182.96061612262565,197.40447007930783,150.18194310048813,121.61823681086278,27.818196001685475,True,98,True
MTARTECH.NS,15.349836940409123,87.12276061079716,214.54385008172233,301.9162284037022,126.85650259540799,98.87594217248001,True,98,True
AHCL.NS,82.65107201604205,131.14875444772878,86.77741032625863,121.61779073269767,100.96921990775385,50.582033850083185,True,97,True
INDORAMA.NS,86.91078053660127,164.19787293273305,94.25987536142773,48.20339936398459,96.09654174626958,12.21882197736251,True,97,True
AEROFLEX.NS,23.487544483985758,89.64512723348683,159.96403797153675,189.92369160536265,97.30158915567156,71.5158493939746,True,97,True
WHEELS.NS,48.17400559527183,120.42243021780044,153.9200403994104,151.7192236559005,104.481941092731,76.05508259501987,True,97,True
FILATEX.NS,69.4004383524631,147.69475489941257,121.93731972566475,110.25640987926448,103.73787224185361,45.00630500774051,True,97,True
TFCILTD.NS,81.97006248531902,118.88955400976467,121.86180712135157,98.8236950676624,100.70303623388334,186.52941131719325,True,97,True
MARINE.NS,80.13441367612192,138.68517991863362,109.3402491179893,103.07067652238344,102.27298658225006,68.43555978311701,True,97,True
AVADHSUGAR.NS,75.38247566063978,100.81749134433507,153.8926174496644,118.468471548685,104.78870633279281,28.578399163065846,True,97,True
SBC.NS,48.043640066245665,94.06280341489537,117.1478271484375,181.0896122405585,97.67750458727654,56.86928414494598,True,97,True
STLNETWORK.NS,83.12919578086336,133.85468813213404,107.28979073758774,57.653058079999255,93.01118570228954,18.486797955183057,True,96,True
SBCL.NS,42.14943372035995,122.82595965033755,146.67850221099764,100.13448960619806,90.78756378165063,68.04241653563983,True,96,True
MANINDS.NS,54.307050507201104,97.54182596041112,120.02788631136765,131.22419349973563,91.48160135718332,109.4585367867844,True,96,True
SHANTIGOLD.NS,78.8130695875897,111.42839945489187,98.58580498689989,78.24355400139052,89.17677952367234,92.26487692753314,True,96,True
RPTECH.NS,14.30590866753354,130.37285968030665,134.16238547776175,181.63976872331708,94.95736624329052,46.976685662181445,True,96,True
RPEL.NS,31.730472760952424,155.18357835866036,84.43947597015028,149.4390024650231,90.50460046314771,18.45104455753334,True,96,True
ROSSTECH.NS,53.60156535753475,97.28155951495458,150.2661976683552,117.42372985905116,94.4349235514861,46.20775304912232,True,96,True
GCSL.NS,37.074698546416826,106.17647058823528,109.09768829231919,183.74822559833692,94.63435631434501,36.92913814271469,True,96,True
AVALON.NS,33.68004923954147,119.81748532485246,153.1638570591184,118.0155521657417,91.67139860575911,136.42218492491347,True,96,True
ANTELOPUS.NS,29.95517127505152,74.35694499406411,178.47302085533778,97.6139131242224,82.07084430474546,182.3096061326773,True,95,True
VINDHYATEL.NS,44.202488740847535,142.94531667049876,102.08228627965399,95.56667014728089,85.79985011582575,25.154362006430336,True,95,True
MACPOWER.NS,40.965111271575715,92.27381624211937,89.23659583693284,131.75882791639174,79.03989250771909,12.83727739536457,True,95,True
TDPOWERSYS.NS,37.779905161894135,80.9116809116809,128.64756271223962,146.94719768061648,86.41325032566506,240.46126928299017,True,95,True
SANSERA.NS,25.70706621641179,83.18160877366634,113.38335205962235,194.432159570965,88.48225056741546,111.67759700119481,True,95,True
SAKAR.NS,17.13954834973943,76.72753440139263,146.2568472306756,179.07296618388077,87.26728890308559,15.705737075105183,True,95,True
KMEW.NS,32.258603858617874,88.56102403591215,74.29906576149978,172.96940664470094,80.06934083186974,36.055149215944915,True,95,True
IOLCP.NS,18.960315957739216,148.82484291034422,142.34939023672814,90.37477467797832,83.89392794810583,78.78858111287013,True,95,True
DPABHUSHAN.NS,103.5214730039041,109.81715782469527,61.51691484988897,63.76610841389532,88.42862541925757,18.59121322298604,True,95,True
SSWL.NS,60.625442871510636,100.15743790493619,90.17342846459249,77.18541499267933,77.75343342104587,58.60576938714257,True,94,True
UNIMECH.NS,47.793489236951395,122.75296302255376,91.36286715435993,75.26773794939507,76.99410932004231,45.12987580890632,True,94,True
LAURUSLABS.NS,30.668549177944236,87.9302452107366,84.60841785050457,135.60850509767812,73.89685330296155,467.56963545767934,True,94,True
DEEDEV.NS,-10.183601800902265,93.45182453691552,185.9610982138904,121.42203074932536,76.09354997966535,14.129441884308722,True,94,True
PAISALO.NS,11.8948798217402,112.78274737463647,128.01579078256023,115.27407552978408,75.97247466609224,103.5048440635673,True,94,True
SOTL.NS,28.010707534799838,127.99223728182594,101.21020139754609,89.98882399328379,75.0425355484511,60.08393776206872,True,94,True
GANDHAR.NS,43.87249894139003,119.99256756626733,77.78775921301973,108.09065975982746,78.72319688437892,34.87585515470716,True,94,True
SYRMA.NS,20.129921287368212,102.9619984497042,129.24358872563312,107.5920367427957,76.01149329857388,319.6537200556018,True,94,True
PRECWIRE.NS,24.680361569654295,46.76194015344153,90.09925003459848,131.3000175188357,63.50438616923686,43.36346864424147,True,93,True
KRISHANA.NS,41.805755834785295,68.6574792316553,88.24372298135262,112.49460550989335,70.60146387849437,17.92547742414029,True,93,True
UNIVCABLES.NS,30.458693740651,103.31995298903949,61.548690037496876,112.41958724868879,67.64112355130544,28.674283780562295,True,93,True
NRBBEARING.NS,23.77977001936187,108.13179353990958,95.51210882943435,78.70638713430851,65.98196590847523,35.617345481740735,True,93,True
EBGNG.NS,12.644813696588209,84.34852460622804,121.66531932093774,94.02774516983511,65.06624329803547,50.50603817353756,True,93,True
RAMRAT.NS,37.81105865723813,79.02558267907021,90.99379263070806,85.97803958338332,66.32390644152757,21.974648128105827,True,93,True
GRWRHITECH.NS,-0.6178099701746875,91.99111295156422,123.49089747684445,125.18101367658892,67.88548083292964,50.09829605328001,True,93,True
APARINDS.NS,29.876507546761033,67.02888455465774,120.05506271030897,113.80253224751829,72.12789892120142,256.76876713947996,True,93,True
SUBEXLTD.NS,41.75905900748933,121.22260826293339,67.21883050264455,55.30364139869963,65.45263963585126,18.27437202793204,True,93,True
WELSPUNLIV.NS,28.48857286334674,83.67263221188999,69.86790003523933,90.89668266164264,60.282872127093086,139.0448655264649,True,92,True
RRKABEL.NS,13.92959584076825,95.18108447262401,76.06560705575485,115.91254890824949,63.00368642363297,129.23768536379998,True,92,True
EMIL.NS,45.02350747011561,90.14322302380357,85.42192143381115,33.41475827080396,59.80538353372998,154.04942944884039,True,92,True
SGMART.NS,24.55435368259975,46.00902819325485,105.1851787264385,112.49314399614727,62.55921165620802,23.15686387378,True,92,True
MBAPL.NS,24.441098779779335,53.045743808426906,90.61455197211441,109.34532704664277,60.37756407734855,13.756508770332337,True,92,True
SYNCOMF.NS,67.00144467296599,79.21478904415402,64.17489552625872,37.833046346427835,63.04512405255451,37.562749778010705,True,92,True
DEEPINDS.NS,61.31402738759646,69.17497818740254,71.9023499377911,47.05941136157043,62.15295885239141,42.09925452855767,True,92,True
AETHER.NS,20.3262607952148,54.1806227114509,84.65194391522309,131.01624783741403,62.100267210903525,57.45626655392432,True,92,True
PVP.NS,72.83825573515936,52.92528779045147,42.77310961185081,70.18363913958264,62.311709602440736,13.891022007637256,True,92,True
OPTIEMUS.NS,40.68803953065556,124.75205939006541,59.67314925033491,20.181189500927776,57.19649544052785,64.72379893232001,True,91,True
CHENNPETRO.NS,28.482590880391644,51.288959994677,82.85398178637664,90.63299649290313,56.348224006948016,371.8772580820104,True,91,True
COMSYN.NS,33.71735269623892,70.35224311659914,69.75429024510672,69.40191209963744,55.38863017076423,23.512078131233103,True,91,True
LOTUSDEV.NS,65.96288859024789,78.22628039351159,48.26840106666204,26.13110147857247,56.91031202384838,38.648331963020794,True,91,True
AEGISLOG.NS,7.367041637810701,129.3428138054756,89.72748413006704,57.623558523718835,58.28558794697658,134.59092856944764,True,91,True
CONFIPET.NS,11.041804729009662,52.571112210321424,127.61153968805613,82.56599351093634,56.96645097346665,30.28813322859356,True,91,True
JGCHEM.NS,38.82469275378302,78.73335531567534,80.65301762170563,49.219300161995115,57.25101172138842,46.72144855673122,True,91,True
PGIL.NS,25.021961221022448,69.36805053362187,57.84869567807007,105.27159520927304,56.50645277260198,34.906053094442875,True,91,True
SMCGLOBAL.NS,51.48941149897466,86.44476524951182,28.790401555471124,65.50100055494428,56.742998071575315,58.753923240003346,True,91,True
PANAMAPET.NS,18.296750824418663,86.34450736334634,65.65892226005217,74.79731144128372,52.67884854270391,32.15851020921075,True,90,True
ONEPOINT.NS,44.89722671641776,57.22950430580871,50.967501975250684,66.86046691229326,52.970385325237636,16.5641064208856,True,90,True
NEOGEN.NS,10.613951217296513,82.74165564447617,107.73932999097266,58.419932622259374,54.025764138460254,45.4338020005265,True,90,True
HAPPYFORGE.NS,20.69051949692011,51.31434066802419,64.25458996889684,107.45616137965337,52.88122620208293,23.658229607898793,True,90,True
FINCABLES.NS,31.207475353250192,64.64519901281452,77.59446633325186,67.74777944385126,54.480479099283606,186.6762021804257,True,90,True
SUNFLAG.NS,27.830258217482438,84.12458623007682,63.85990975938298,60.598859956469695,52.848774476178875,17.099759174345397,True,90,True
MARKSANS.NS,14.779064283190447,76.64876765959836,69.81650304811113,85.61220703133947,52.32712126108598,118.8683120410272,True,90,True
GLAND.NS,24.40273482738695,75.05003096249207,80.29679289033496,56.90273703606603,52.21100610873339,199.8230281278585,True,90,True
NITINSPIN.NS,8.077401204688606,58.68630196231253,92.05046933532137,87.61170656177772,50.90065605375777,12.346300677802246,True,89,False
SPORTKING.NS,2.036045392302177,41.34109589477222,126.7166687695561,86.66856797407165,51.75968468460087,13.757227106756654,True,89,False
WSTCSTPAPR.NS,35.9712213805407,62.096242884302065,76.14379415712867,44.9790861253006,51.03231318556255,19.542998733823676,True,89,False
INDOBORAX.NS,0.7510881955759441,87.2591452978119,77.7197202883857,87.23705767255862,50.743619929981634,25.361861953556883,True,89,False
KIRLOSENG.NS,-9.268535151209957,51.6153278913704,76.22576865949226,145.1233603929859,50.88547732828573,124.19825280418745,True,89,False
AZAD.NS,22.354423004913816,73.96137896472206,72.26233628007816,68.37537086696406,51.86158642431838,207.39647673028418,True,89,False
PARAS.NS,3.544305791266833,87.83704065393519,80.43261738844407,74.69000354622841,50.00965463422827,161.79405651319576,True,89,False
QPOWER.NS,27.106948692466947,59.55045247892041,85.39507328240501,48.945999427307065,49.621084514713274,42.27801132679127,True,89,False
BLUESTONE.NS,38.86719452541174,66.88437678180111,66.8333022304358,33.63570434583099,49.01755448177828,215.32395288126935,True,89,False
SMLMAH.NS,38.34598352162737,40.721106950600806,41.19290573372205,79.3230039632171,47.58579673815894,101.86579545533863,True,88,False
GMMPFAUDLR.NS,67.93282284601099,46.02854561056346,19.940952975273916,24.418503836445637,45.250729622861,55.83640222516707,True,88,False
SONACOMS.NS,16.762318893850225,49.75623861461802,62.71292017535879,86.63330117002224,46.5254195495399,183.7012694330539,True,88,False
INOXINDIA.NS,8.790392736238385,68.06110477271075,83.11224187069132,69.26431739568322,47.60368990231241,71.4594204588845,True,88,False
DIVISLAB.NS,34.61122721049219,56.908861822763534,46.77457374086587,59.22263893624275,46.425705784171306,455.1343644288,True,88,False
VENUSPIPES.NS,13.54357843558942,70.68562077040656,73.10268293829121,55.71319789580951,45.317731695137226,41.97005075688863,True,88,False
JINDWORLD.NS,43.164253532182805,75.82507976203149,45.51040491531997,17.865041791295756,45.105806706602564,87.96144697435835,True,88,False
ATLANTAELE.NS,3.4916334932141746,38.50188116890543,99.5376662559343,94.14120097658926,47.83280307757147,26.89470316292621,True,88,False
TMB.NS,9.19985201012219,36.33600163762365,63.48346621303016,105.85950409780791,44.815735193741226,15.888767432757076,True,88,False
ARFIN.NS,20.642567468489894,21.929717379738833,38.579142722365376,121.16112192860307,44.59102339353741,19.976599632584783,True,87,False
PTCIL.NS,38.7177022672019,58.946618294895046,36.19206217041355,47.37506006727534,43.989829013397554,78.69437115504,True,87,False
KRN.NS,13.206464223100344,43.75647770561495,82.77840313965466,67.27206115344619,44.0439740889833,32.853036940313146,True,87,False
LLOYDSENGG.NS,3.963882940121022,93.2064666106262,66.37885139902258,52.65966127461097,44.034549032900365,105.72887063000213,True,87,False
KTKBANK.NS,17.65549304348035,34.67930933520547,63.08075140722049,88.58818278982537,44.33184592384241,87.63435551887797,True,87,False
DYNAMATECH.NS,27.988086087624907,32.983927323549956,42.58496119882258,89.74432020511361,44.2578761805472,27.774525000959997,True,87,False
BLSE.NS,12.475055152732683,83.69104672890356,53.992890821897824,59.92076997493794,44.51096356624094,14.029282812844873,True,87,False
MCX.NS,19.269610535122595,24.86171029809501,50.89585953487381,103.69551572571365,43.598461325785536,724.3596858369724,True,87,False
TATVA.NS,29.711083596405064,52.94915668034959,34.71673618032256,72.75774224011596,43.96916045871965,12.576576892092922,True,87,False
SGFIN.NS,9.56162404459775,47.22342548374547,64.46904461008549,83.85911486245013,42.93496660909532,20.633155233232944,True,86,False
CENTUM.NS,8.970619463667218,48.52447823703574,82.28034657598369,65.77342355708886,42.90389745948855,38.337106816310545,True,86,False
SAMBHV.NS,32.657960710510416,43.236009216859216,71.231856468351,36.9036495424512,43.33748732973645,56.23124271515783,True,86,False
ASIANENE.NS,32.460277302231624,53.790954130206316,57.791413182652285,33.46182538280671,41.99294946002571,25.90426161683873,True,86,False
ENTERO.NS,34.98146925937788,41.94257909373571,50.669658532303366,53.41387411920502,43.19781005279998,49.6728891632932,True,86,False
PCJEWELLER.NS,49.29435792050547,60.97826876802588,44.48780897187024,10.439974557305941,42.898953627642605,375.98953016873287,True,86,False
REDINGTON.NS,34.133433241690824,74.15215642286985,36.46973723867715,35.78702580390125,42.93515718976598,308.9594286027308,True,86,False
KOPRAN.NS,21.479724476452834,60.90885538840523,69.92689435318447,37.523965409399864,42.26383282077905,25.675239713224773,True,86,False
AKUMS.NS,9.943701459042398,52.89272508102441,68.06750091157066,68.50066226288862,41.869658234713704,26.777103987012534,True,86,False
GHCLTEXTIL.NS,13.00902509373758,49.85504334506283,61.52343505527833,59.222175870706685,39.3237408917046,12.00253069592624,True,85,False
BBOX.NS,-0.7399192672114085,82.80737204629867,61.174340665932704,59.63138848679333,40.42665253292038,57.328865700890624,True,85,False
MANORAMA.NS,25.569960247072167,59.965553887581976,52.46978800643196,36.19034865132402,39.95312220789646,99.12211294551305,True,85,False
UNIPARTS.NS,9.088950132923635,54.1488699186558,52.47435182070716,81.13274945539489,41.18677429212103,15.708695618936426,True,85,False
KINGFA.NS,29.196794997068597,53.92675383173289,48.83940178981119,45.10535557506585,41.25302023814943,11.160728316100002,True,85,False
ICIL.NS,5.821004295554655,79.20807350742491,56.74509726100494,61.055739248073436,41.73018372152253,50.47909330224459,True,85,False
BALAMINES.NS,-12.819849888291246,91.4356695608721,87.28091587353259,43.941316020897126,39.40364033574387,58.7745410041006,True,85,False
GVPIL.NS,-18.761594169137684,49.35745104745091,92.50953171041137,97.22180517769488,40.313119919456355,15.915908197767946,True,85,False
RAIN.NS,0.941846432849669,78.74212095021542,46.733874907237464,62.006464759966406,37.87323069662373,101.70041507148441,True,84,False
BOSCH-HCIL.NS,48.09662608094219,47.64390271873131,37.791384372162675,14.43596412583259,39.21290067572219,11.241362639137865,True,84,False
BHEL.NS,5.988755716078065,56.421351734889,44.50925637187326,76.96514510764383,37.97465292931245,332.23778834755893,True,84,False
RISHABH.NS,2.7276859121171393,54.27856937425559,66.56020255873771,64.16031102432788,38.0908909563111,21.6937710905455,True,84,False
KDDL.NS,11.77450064668375,64.54520662186802,60.020433735180156,40.67282425191681,37.7574931804665,21.37279416608166,True,84,False
RML.NS,2.4635175907566476,79.48466909875353,54.58262129323759,52.55503977083906,38.3098730688687,15.102934054476643,True,84,False
RADICO.NS,12.473429323115969,67.45794547373487,46.55671767307239,53.84094704370774,38.56049376734939,137.85822321060306,True,84,False
MANALIPETC.NS,31.56121826720508,61.22794865328505,38.38840258243634,30.77977148535449,38.70371185109721,47.29902334396915,True,84,False
WELENT.NS,19.668267307280217,69.9538162619082,46.098869680311275,38.4051170808551,38.758867527527,49.23163748886179,True,84,False
UFLEX.NS,37.07419886224705,67.01142033768468,26.864611303629026,12.311448995921758,36.06717567234592,25.905973620858347,True,83,False
GNA.NS,4.780347244774452,35.37165777014501,60.832368742989054,77.03112140238429,36.55916848101345,35.735681204789856,True,83,False
RGL.NS,34.589303426634935,54.88534147605924,30.949087978137733,33.36099487356334,37.67480623620604,28.704232554691494,True,83,False
SENORES.NS,-8.045977011494255,63.90389768617371,55.69710061405917,81.26887913656293,36.95558468276146,33.91562851616268,True,83,False
APCOTEXIND.NS,11.360354823052688,52.45814321355764,55.1159893035829,52.61906767533453,36.582781967716095,13.296900516431208,True,83,False
QUADFUTURE.NS,17.461229178632976,72.98258200508809,49.05247813411078,27.160804756263946,36.82366465054575,67.65539256083879,True,83,False
STYLAMIND.NS,0.7857032814666542,47.05089658354573,49.46310258167694,90.34041315100379,37.68516377583195,14.316923525915922,True,83,False
NAVINFLUOR.NS,9.36886211863297,36.14506927465362,40.673684210526304,81.58003820353173,35.42730318519552,179.4904911141,True,83,False
KRONOX.NS,31.57266277012336,50.337402150946666,42.03437686977543,24.399271935861577,35.983275299366085,15.030587232128301,True,83,False
INNOVACAP.NS,10.988903819308105,63.04348118430798,51.3911595089517,30.58823529411765,33.40013672519871,12.522465590603321,True,82,False
ENGINERSIN.NS,23.848559776914513,40.51489105389743,42.33683406652142,45.632522162053554,35.23627336726029,154.18295708550008,True,82,False
YATHARTH.NS,20.90602607463421,45.07522674223499,46.60451949903639,37.208055329802846,34.139970744068535,59.082117193448795,True,82,False
ASTRAMICRO.NS,-3.88439429287023,63.483511633504364,65.29000244140626,48.55524991198408,33.91199508023085,74.77208901709197,True,82,False
DIVGIITTS.NS,5.936312467433824,50.01844704113514,64.52970174984243,50.49607673094505,35.38337009135806,22.864206774032684,True,82,False
VSSL.NS,26.4905076069609,59.34792428572386,32.08347285921951,27.093263924710275,34.30113525671509,13.001428951899864,True,82,False
BAJAJCON.NS,-23.241728694507525,29.04416554175906,80.98893293835896,111.82050237265786,35.074028692752165,36.883999696351225,True,82,False
DHAMPURSUG.NS,28.207265587292206,35.14423733818259,49.63924127634236,35.85045150833703,35.40969225948928,19.991052554191775,True,82,False
BALRAMCHIN.NS,15.95281742717891,41.96148358483982,53.96753448046259,45.8700867535526,34.74094793464257,254.0625918456933,True,82,False
THANGAMAYL.NS,-21.554628589764157,19.650067294751004,46.52382379382678,134.24998254300417,31.46292329041073,78.42646315271999,True,81,False
RBA.NS,25.533965629351464,46.81708234366888,40.15384380634015,15.477245758573034,30.703220633456997,106.41322120829702,True,81,False
VARROC.NS,20.269759028365787,58.815280408106176,26.59115404049992,28.123981967334277,30.81398689453439,55.83936088619554,True,81,False
SOLARINDS.NS,10.15642211940957,43.59563469270533,57.09685020815331,44.37305998700643,33.07567782533685,389.24651276684006,True,81,False
NAZARA.NS,22.892941392145836,50.56013680167681,31.196798988663275,34.610590029742006,32.43068172087476,85.19629208262735,True,81,False
VADILALIND.NS,11.410126779186424,59.6451270160294,46.234887642773856,30.455373406193086,31.83112832467384,18.9054907104,True,81,False
HONASA.NS,-0.7517179021638398,41.0260278620387,60.23932041266025,60.48622900107357,32.04962829428897,105.02069255899464,True,81,False
QUESS.NS,7.926114560374686,70.14349256700554,50.847302232039326,24.965978507032325,32.361800485365315,35.64655729070067,True,81,False
PRABHA.NS,45.69984809159167,39.461796434807624,20.160051681159885,-2.4474901967441287,29.714810820481347,14.040882890297539,True,80,False
ALIVUS.NS,14.336211105872842,27.216918777083965,47.59627029405416,42.29923997624996,29.156970251826756,24.283415368542737,True,80,False
GRAPHITE.NS,28.747003285863926,26.357015185214717,22.807550331469795,45.2940538798084,30.39052519364415,185.28490636845632,True,80,False
PAYTM.NS,17.994951316263965,49.0049704227272,22.08044398215028,40.06849315068492,29.428762037618064,781.6063630444609,True,80,False
RBZJEWEL.NS,22.591643011454977,35.246547719198,28.57818153637053,40.58259314331265,29.918121684358226,13.71044197745417,True,80,False
ARVIND.NS,-6.411309808793508,33.10255054396636,60.330452307484265,69.61877870961297,30.045832388695317,39.952241586734594,True,80,False
SHAILY.NS,11.230521539529924,53.55387981672932,32.66066027712902,40.49070866057096,29.833258366697834,53.029330715373824,True,80,False
PVRINOX.NS,30.047520165285025,40.89919146157086,27.676762979497347,17.73262606983421,29.280724168294494,79.42908730448193,True,80,False
AXISCADES.NS,30.038093132639876,21.57286253306725,44.674493030381626,22.04314314966027,29.67333699567778,40.565377242881546,True,80,False
SOMANYCERA.NS,10.170445954011885,42.09009302271021,45.803037373633046,27.67404472898678,27.18161340667076,10.817626738169773,True,79,False
TALBROAUTO.NS,-0.4703612716042471,55.56801733281282,46.78714740859628,34.961395109217385,27.2751674614836,11.706140180628779,True,79,False
AUROPHARMA.NS,9.275153078357423,26.305578123222716,40.218648812898074,54.85227516587739,27.9853616517426,147.71871931327618,True,79,False
ORCHPHARMA.NS,-2.327775624253192,81.59085660989878,25.312022021160672,32.2513457267515,26.89973462186092,10.246997882283795,True,79,False
APOLLOPIPE.NS,0.45956899881993696,13.952978286891504,81.45531654252125,46.792397281908116,28.62396602179215,21.04294257838391,True,79,False
RBLBANK.NS,9.826587834134791,31.570659093210107,32.25755929274532,51.50417152848161,26.997113116541325,143.17451805079503,True,79,False
NILKAMAL.NS,31.545813800139033,38.3931997526062,25.512367491166078,12.89810104653315,27.9790591781167,14.189437399441093,True,79,False
SEAMECLTD.NS,9.020261199307832,3.970354813303989,42.35752656359391,73.15405652390736,27.504492059884186,15.818116216548932,True,79,False
KROSS.NS,31.052514964448406,31.563275860545215,20.596413192637097,22.62246850262255,27.377437496940335,21.63814566736859,True,79,False
CRAFTSMAN.NS,9.107468123861562,37.45022609165147,27.25568607848039,50.33586771979035,26.65134322752907,57.2491543979,True,78,False
CARBORUNIV.NS,12.078282906424743,40.6138527431672,40.06522359440354,28.291011762842942,26.625330782652632,45.10311024821072,True,78,False
AEROENTER.NS,1.9343608450672178,51.69147025441858,42.12770230799732,33.03484120258153,26.144547091026375,10.605003973770549,True,78,False
SMSPHARMA.NS,11.21811092369034,7.144576842526362,32.45456590042124,65.39577442101567,25.486227802268793,31.137133947299308,True,78,False
VIJAYA.NS,3.441814881713623,47.32848031533226,36.05454516237294,41.998612064062726,26.453053461039033,26.185324011805662,True,78,False
POWERINDIA.NS,-4.104652984490054,12.044664103972181,61.045043148810784,67.94709981891016,26.565500220542607,357.0632753688,True,78,False
KARURVYSYA.NS,10.214007984245654,22.420313836998872,22.5306421684071,62.49163677107148,25.574121748993754,59.80663974687241,True,78,False
PARAGMILK.NS,33.530892064585395,51.85606750681133,2.0992961229050033,8.652480105136306,25.933925572804686,42.80876651163785,True,78,False
BEPL.NS,15.531915959783138,38.03049818308606,38.735840976359135,22.87485255767121,26.14100472733654,19.39563680397417,True,78,False
HSCL.NS,-0.4750359666538695,41.98580669950152,34.76618251094163,46.16833049989617,24.39404955540632,323.0246343989179,True,77,False
ROLEXRINGS.NS,17.49096381040649,28.643143357070656,30.862668773422385,30.328248559538796,24.963197662168966,74.18414650723129,True,77,False
SUVEN.NS,-21.360030705157662,58.86616855123889,74.6232727256964,35.52700636651986,25.259277246627967,23.49761613539713,True,77,False
GALAXYSURF.NS,26.290813582316595,38.21254515182157,24.277337877755436,11.337548273558307,25.281811693553706,15.181042976324397,True,77,False
RKFORGE.NS,21.211319576840193,29.0258846507353,29.72179798195882,24.254505913433967,25.084965539961694,68.15377273644387,True,77,False
IPCALAB.NS,5.051279170706557,32.105661918870524,35.55555728337314,45.86855989844671,24.726467488420695,80.51362801048488,True,77,False
DALMIASUG.NS,18.98647789036616,19.018984359689604,49.186494119447445,19.36146754678394,25.10798036133066,31.77487275116961,True,77,False
STYLEBAAZA.NS,22.471911005749302,31.02787031113894,43.530529691972795,6.213811822771342,25.143206767476336,49.86561448047639,True,77,False
JINDALSAW.NS,0.3723008106018444,33.26084195390941,56.117900452859715,30.556903682089896,24.136049542012543,60.53478662057799,True,76,False
COFORGE.NS,21.221363801609638,47.67175178760288,13.75761415432779,15.795676193942798,23.933553947818552,434.1929409222105,True,76,False
MSTCLTD.NS,2.337618977420197,60.439295740136686,26.864259866649064,28.501765811979986,24.096111874721228,22.384343368777536,True,76,False
APOLLO.NS,-3.5993545439525487,67.01789049016924,45.04201908628034,13.304159329982678,23.633071963705433,238.58693088744636,True,76,False
SOUTHBANK.NS,4.4245831125484525,25.55031456757517,20.64971279776686,60.8797808688325,23.18579489185429,48.24282190158248,True,76,False
SHRIPISTON.NS,2.3750902015322373,32.906289819016955,27.50349485886481,56.75764951492101,24.38352291917345,35.635892016236234,True,76,False
TARSONS.NS,1.598612981360703,68.58388694999272,39.234748972029166,5.506245669904963,23.30442151092965,17.810257735886225,True,76,False
ASKAUTOLTD.NS,25.045182689892687,34.0971309232611,23.58689471679092,12.629262862001767,24.080730776367833,56.77522324326195,True,76,False
DIFFNKG.NS,8.1302899127631,53.456118092427786,29.930216040560964,16.578193244761597,23.24502144065531,18.330884458826173,True,76,False
KRISHNADEF.NS,-5.709687094732285,34.41495304667326,42.626951501177615,46.50789506735635,22.426085085148532,17.38374225434268,True,75,False
NYKAA.NS,4.445799748741086,34.546742185893265,27.249124664567013,43.02990012590839,22.74347329477017,184.56317668024252,True,75,False
MOTISONS.NS,26.736838357490413,33.876944198386894,29.46236353313436,-2.113828080595348,22.939831273181348,96.54969423108851,True,75,False
FOSECOIND.NS,20.186933898631732,34.21064522101589,27.54360698798275,11.425763802036816,22.710776761659783,14.05963010724,True,75,False
MOTHERSON.NS,6.2057494050491435,30.881093244579127,25.605453629865682,43.43302018031034,22.46621317297069,254.87449134422783,True,75,False
GNFC.NS,17.915054094100256,38.31972280210765,20.61457459681739,17.997218118851,22.55232474119531,53.2886619427,True,75,False
ARTEMISMED.NS,12.90555843483765,37.537331164635845,14.977980625818743,33.45264346538415,22.355814425102807,27.6311936290022,True,75,False
SATIN.NS,-16.213184224106094,43.36855835268003,53.35662533860077,47.642279171728454,22.388218882959414,10.22389817863334,True,75,False
LALPATHLAB.NS,12.086256040272803,38.5894526416692,28.726450104073862,23.643572322943783,23.02639742984649,58.12874110202974,True,75,False
SUNDRMFAST.NS,17.363029762379245,44.4323601318988,20.106501472643767,9.970259385862157,21.847036103032643,27.625167438618075,True,74,False
GESHIP.NS,9.393719769748564,10.24295608118484,36.21990566791564,45.491620324570505,22.148384322633625,149.48243394294292,True,74,False
UTTAMSUGAR.NS,25.626970618743417,23.16115198056561,18.10976048508859,15.94568996486192,21.694108733600594,12.141363596520659,True,74,False
FLUOROCHEM.NS,14.810344129145282,35.26709187184949,24.896772867341955,20.945557333175735,22.14602206613155,77.66712236630703,True,74,False
WABAG.NS,-12.191136976762639,46.71616427903198,50.81763918934359,37.703522845938494,22.17101047215776,124.55181891195882,True,74,False
NETWEB.NS,7.309093128551147,41.36103588540354,44.188601870367926,9.501616563264982,21.93388811522775,782.4868535715358,True,74,False
RAYMONDREL.NS,-3.39674684095036,63.62783975461208,34.63170942462417,16.912256854573936,21.675662470381894,86.76255406345203,True,74,False
ACE.NS,19.39738356895471,35.92424295186143,23.565542477860046,9.296059718317773,21.51612245718973,42.0030141828,True,74,False
FEDERALBNK.NS,-0.7518796992481258,16.48429728883678,25.118483412322277,71.54442396225637,22.328689052983837,188.16368477269998,True,74,False
DATAPATTNS.NS,-4.34395158053662,21.23227183531238,49.55515599909004,44.069409885434816,21.2337869117528,310.5774349314986,True,73,False
SHANTIGEAR.NS,26.80947562887541,21.69209820221978,20.196629995785976,7.358986470316409,20.573333185214597,26.115072759420055,True,73,False
DELTACORP.NS,25.59468681122292,39.707897753792246,16.57347320228495,-0.7325187116224985,21.34764517338011,58.94760154155972,True,73,False
DCI.NS,22.8123776741892,-6.791474861446945,33.77656881106896,30.097270926368868,20.541424044873857,10.19372039619131,True,73,False
CEIGALL.NS,1.3457824263511053,27.13178294573644,34.59785089009697,41.59631287707095,21.20350231312132,17.285275295047676,True,73,False
LUMAXTECH.NS,25.010258816110074,5.899400224177587,8.644472319504315,40.28865796593146,20.970609628366702,56.45562664107901,True,73,False
MAXESTATES.NS,18.98663123642377,43.392906931217354,18.150373353484106,6.378063635711584,21.178921278652115,11.932275197133393,True,73,False
VOLTAMP.NS,8.774152676591696,13.476895962989488,32.246469833119384,43.62191551652028,21.37871733316251,45.48221316936001,True,73,False
TI.NS,19.968951182027418,28.123149792776793,17.736670293797594,15.290356952583917,20.21761588064263,59.741606293914735,True,72,False
JASH.NS,3.040041706607477,40.50094231860519,34.58493969190424,17.93335843689945,19.819864772124767,26.789609645365115,True,72,False
INDNIPPON.NS,-3.8912690345404344,57.22605060683779,38.42926859728455,13.570091730400424,20.28857457308838,16.000166441795074,True,72,False
TNPETRO.NS,21.213057384956848,35.17737494171567,12.481018839883085,8.159169906275498,19.64873569155759,23.039875480373954,True,72,False
DYCL.NS,13.78331206500687,43.13912719351587,25.029730598907474,4.044528411506643,19.95600206678875,35.74841182529065,True,72,False
SCHNEIDER.NS,-14.612204692679164,21.73148937462386,67.54217438424612,37.53652069941995,19.517155014586322,47.006737151038415,True,72,False
GAEL.NS,9.61834911135897,6.9638064383723774,18.970662069517076,53.024333338810116,19.639100013883503,20.710374966098552,True,72,False
JTLIND.NS,7.336408039221176,27.629178513678077,42.65331218045753,17.175952982404596,20.426251950996512,29.43568939583031,True,72,False
STOVEKRAFT.NS,1.3840549622664344,42.29199187800419,36.09909371566222,18.55738527208257,19.94331615805637,18.101255689934927,True,72,False
PREMEXPLN.NS,2.399578998885188,51.09961938601077,26.36563773541951,13.44947415630684,19.1427778551015,16.382665738083823,True,71,False
CYIENT.NS,33.5946525492556,30.172998532674278,0.39855292417743104,-0.9826539793376443,19.355640515205053,108.35102519325879,True,71,False
PRUDENT.NS,6.026647650998429,38.686717379144,22.6984781478226,23.032436354454468,19.294185436683588,12.879474406013847,True,71,False
MAHABANK.NS,0.7267516003616636,18.74911482462307,29.87662852962274,47.21189801948407,19.458228914890643,115.7847629783998,True,71,False
LLOYDSME.NS,-0.6348845569995376,22.09145931405514,35.870383650872675,38.34488550246029,19.007391870677807,85.60420543592703,True,71,False
PARACABLES.NS,-15.3659641125941,53.98400267228638,45.7463437340909,24.028425467776948,18.605368729793206,11.193173710061515,True,71,False
CARTRADE.NS,5.419210107018757,62.482109863284194,1.8393915769840063,18.14396438115611,18.660777207092366,99.87074334892151,True,71,False
KERNEX.NS,-22.257538965322066,56.620971230891826,30.372427178984317,54.22810210707358,19.341284517261116,62.90662369581322,True,71,False
OMAXE.NS,10.377884925326164,31.776935486007396,23.82894315493129,19.131990795738595,19.09872785746592,43.509604847779386,True,71,False
MIDHANI.NS,6.826723288423486,37.46293750034522,25.498575498575505,9.877776679073902,17.29854725096832,91.47265855279768,True,70,False
GRANULES.NS,-9.179526783597957,28.28481510621559,34.69640644361833,46.28566622234649,18.1815668409969,83.32759353510774,True,70,False
JYOTICNC.NS,27.366541102265796,23.725249035523667,1.631676652733205,8.56274514976465,17.730550608510626,128.3703746311041,True,70,False
DCBBANK.NS,6.008108334859297,11.671865390878434,13.595317848071797,54.62062865514847,18.38080571276346,43.535154881429506,True,70,False
IDEA.NS,-6.876791085413214,42.543861437812545,13.73577999042821,47.392295349269716,17.98367092133681,567.4434219626061,True,70,False
CAPLIPOINT.NS,-5.936319063909579,48.0625781485033,33.35500914286968,21.82781420293114,18.27455267329699,51.792539300241316,True,70,False
PNBHOUSING.NS,3.180963166592732,34.19085504597954,15.350131670320422,30.398064964555218,17.260195602808132,118.12354462967998,True,70,False
KIRIINDUS.NS,35.31824552005458,36.93545937457434,-7.172094263767448,-9.374737979742898,18.205023634234635,57.966910649759235,True,70,False
ORIENTHOT.NS,4.947148387344713,45.32904279525061,28.99391314341384,2.3464849294364765,17.31274752855807,25.57589447186353,True,70,False
RACLGEAR.NS,12.319282387283724,12.77023090252678,28.86888513532797,18.07598832545978,16.870733827576398,12.257712227478413,True,69,False
AARTIPHARM.NS,19.183618633154296,25.633304158000335,17.087520894296794,3.458698118457959,16.90935208741274,83.82295813925477,True,69,False
SUNTV.NS,27.307312195007505,7.651940286601744,8.663706621573809,10.055389035749096,16.19713206678793,83.9322959621673,True,69,False
MUFIN.NS,0.5241195059276338,26.80602829737653,10.310407228197738,47.40053483364291,17.11304187421449,13.412530851625965,True,69,False
KSL.NS,-3.7796976716434116,44.20809060392581,25.4761290808462,19.231499226880256,16.271264713673087,10.2804869919858,True,69,False
SAREGAMA.NS,-2.5877620654933597,53.11367348221114,31.101515687180648,2.6855598162285554,16.345044970926725,29.074806086680997,True,69,False
CENTENKA.NS,5.5791534845408775,32.77929961088366,23.853823301668054,15.584957899240015,16.6752775561747,16.426281285731772,True,69,False
AJANTPHARM.NS,-0.33026845764972945,23.958564073291534,17.07292091773338,41.98101541883514,16.47039269891212,34.4257059076,True,69,False
SUDARSCHEM.NS,12.403062852831459,45.68610478964019,20.668083571863516,-12.72998886850224,15.686065039732876,51.45793479865297,True,68,False
RATEGAIN.NS,-9.828877848648421,54.47883860452818,22.31695007186214,20.759654113980062,15.579537418614708,40.606129505577854,True,68,False
CGCL.NS,-5.7782921975237045,35.92265884243848,27.240201758040495,27.717340235220988,15.864723288130513,120.48372084717407,True,68,False
EMCURE.NS,2.241674570752661,14.243876385346654,23.094998321584413,36.83856754923103,15.732158279533484,31.9780136455478,True,68,False
SHAREINDIA.NS,2.0498288457088787,29.005154568091072,13.105122141633574,31.408239022181974,15.523634684664877,72.81284497597595,True,68,False
ANANDRATHI.NS,-3.730462380012034,14.736752071574832,30.53527259789659,41.9509831836707,15.952416618623612,69.30563384561782,True,68,False
OFSS.NS,-10.522731142516605,45.618288881191546,36.90243584733619,17.272930149520207,15.749638518602946,251.18401153487997,True,68,False
CUB.NS,2.7939382355572473,22.216504336831623,6.162048250077046,43.289675968161426,15.451221005236917,61.77204238084023,True,68,False
GOODLUCK.NS,-7.895549202315799,40.126050420168056,36.39462116238607,15.727175672952853,15.291349770175078,37.475668383174465,True,68,False
PRIVISCL.NS,-5.458610318254397,17.43260992921698,25.181882664873466,41.573635962984625,14.654181584113255,33.110606588979685,True,67,False
NPST.NS,9.883354947878221,38.94219214125039,25.81316957019364,-12.843218767739561,14.335770567892181,21.567348010899533,True,67,False
JAMNAAUTO.NS,5.40041188359357,16.990571331868964,6.637271341976292,40.58927222059203,15.003587732324885,38.36420038621366,True,67,False
SIS.NS,-4.19974698254848,38.145007254443875,23.056459596366906,21.264201163917186,14.813234809926204,11.454341831729492,True,67,False
IIFL.NS,7.326267912431161,34.86010734309923,-7.397939282195565,30.730532862798388,14.569047349712875,150.99606710658523,True,67,False
FINEORG.NS,7.693073248407645,17.97863061491496,25.898778359511354,16.731391585760512,15.198989411400422,17.24077442178019,True,67,False
IDEAFORGE.NS,-26.325071560778234,55.542623262154045,37.855665069265456,31.098034428615208,14.369235927695648,26.626396560390674,True,67,False
PPLPHARMA.NS,13.390542732341704,37.72648414542934,10.07492128534524,-0.8011267839528657,14.756272822301025,97.41981207860735,True,67,False
MOTILALOFS.NS,4.390296127172211,34.79602799590271,19.88082365692343,12.623490669593851,15.216186915352884,101.02557054857031,True,67,False
TBOTEK.NS,10.790509371885303,43.568544371145926,1.1410566342985762,4.117464818123251,14.081616913467672,47.340990315019326,True,66,False
NUVAMA.NS,-8.089802089280163,36.26814626790868,18.186080484964773,30.60922292745911,13.77676910035445,70.9577312976655,True,66,False
UNICHEMLAB.NS,-11.031080538491711,59.801403891209226,22.415574072671163,7.892326172866948,13.609428611952783,15.056384862161503,True,66,False
ABB.NS,-0.3966505068311976,2.5098276383429097,31.179258972622613,30.799652744284757,12.739087668317577,159.41760667981998,True,66,False
SOLARA.NS,10.070028820186527,33.86308661381179,11.778985504560978,4.585294776733773,14.073484907095917,33.0004222246,True,66,False
APLAPOLLO.NS,15.60672357985704,3.6171174367472636,7.522131530733933,21.625828848455964,12.795704995130247,148.6967678405968,True,66,False
SHYAMMETL.NS,2.987322167321782,27.61525942071781,25.336958014407564,9.19859795177631,13.625091944309052,56.4797853742687,True,66,False
ELLEN.NS,17.59838143953911,53.38355822087275,5.692167682884741,-25.79923596786574,13.694650562993992,36.78606558706024,True,66,False
SUPRIYA.NS,0.31361235669378207,34.858013026206706,13.816720297289354,15.941738848331433,13.048739377043011,29.70957900714183,True,66,False
PITTIENG.NS,5.1409777022782155,23.548578827512067,23.855037868826233,2.8692013610585487,12.110954692390656,17.350031232016654,True,65,False
WINDLAS.NS,11.375771452863749,18.768768482093414,19.17885588032282,0.9626110256827358,12.332355658765294,18.333209201362784,True,65,False
MANGLMCEM.NS,-1.1497862378686774,9.860123291504008,25.64018209859851,26.523034510171527,11.944753484907338,14.430174082859319,True,65,False
KOLTEPATIL.NS,10.425804876512101,32.55886309726959,7.973759040341877,-1.3031931854608603,12.016207741034961,19.883665135851306,True,65,False
VINCOFE.NS,4.866696616609678,26.483890539495114,6.935453753999665,18.53219287593668,12.336986080530163,42.387844227990485,True,65,False
ELGIEQUIP.NS,1.7358708993602479,16.723382163697487,22.330608240219618,17.951058174195754,12.095358075366672,33.262546628299305,True,65,False
KALYANKJIL.NS,8.489181752992092,24.1874002286937,9.87703026324407,12.567308111462605,12.722020421876913,635.4614022145952,True,65,False
PRICOLLTD.NS,8.001279758260903,17.38407271844926,-0.9376899743989475,26.982773251327718,11.886343102379968,40.91662306573094,True,65,False
AGI.NS,10.363850329656298,48.42035223318606,3.028888042765421,-13.046665219631848,11.826055143126446,13.042489330621475,True,64,False
BAJAJHIND.NS,15.36722709667715,16.8860954715917,10.617557362014796,-1.1137992565866117,11.424861554074837,75.87887203323471,True,64,False
ADANIPORTS.NS,-2.7233081532555214,21.666434316448857,17.950435365036842,24.092736966815465,11.652598068358024,420.6144854530165,True,64,False
PIXTRANS.NS,-5.4008834718551,20.163119605566738,27.744994450136605,18.634550366372004,11.14817949567303,13.508845173316798,True,64,False
THYROCARE.NS,-2.048413567475915,27.18249426562349,8.183593593858806,27.204072787568222,11.694666702419738,28.679693438711602,True,64,False
KPIL.NS,3.7415275448390295,21.77603013246392,16.040018708967274,11.450075843107644,11.34983595484338,32.83771420955426,True,64,False
INDGN.NS,13.400447547407989,18.327379007840385,11.397018835513673,0.060366638367836956,11.317131915307575,42.17871183322552,True,64,False
LXCHEM.NS,9.829476059452036,45.24805977669766,9.270482109891942,-16.062373183735414,11.623024164351651,23.604343854230617,True,64,False
TIIL.NS,6.721027089965248,11.265706093170724,15.866656732461415,16.43065938602275,11.401015278317077,16.383239130311953,True,64,False
EMUDHRA.NS,24.991786044712416,19.741684704928055,-0.33213240441390957,-15.583357446767753,10.761953388634243,60.81920861326633,True,63,False
SKIPPER.NS,-4.6312949640287755,40.22213633703029,21.896551724137936,1.1444921316166035,10.800118052945455,59.21059823578847,True,63,False
BSE.NS,-13.590242538138387,0.9148415829043133,22.936537313552762,57.02685127153957,10.739549018343975,1689.5894124358113,True,63,False
KOTAKBANK.NS,14.64968334789063,18.580265457801826,0.643572817416449,4.975004425811513,10.699641879362208,633.945029396405,True,63,False
CGPOWER.NS,-5.516290691002901,18.72745167626464,32.59201670561313,14.454847865280108,10.948346973030418,222.5958295684779,True,63,False
ZYDUSLIFE.NS,-1.2198398508353248,23.857024106400672,21.210476186756246,13.07295495323797,11.140155108944848,179.21914000988235,True,63,False
STAR.NS,1.0521460733822208,8.938524349121701,14.163995261774144,30.389869725666998,11.119336296665459,46.19239049348601,True,63,False
TORNTPHARM.NS,-5.942117701311844,13.735496454847972,20.339548389689522,32.497794037611705,10.937720695905103,192.6401352826115,True,63,False
JSWINFRA.NS,-3.5449919630674787,31.963375103696755,20.25203596762386,7.28424386381632,10.481934201800396,123.87824192908404,True,63,False
SIGACHI.NS,23.356398886313023,36.917909564204265,-7.672382579194792,-28.913257185812558,9.409013514364592,12.910159001260155,True,62,False
SCI.NS,-3.1271879193900953,16.067319323209105,21.08044596607335,21.27640928209069,10.433959746518592,81.82133345545229,True,62,False
SAIL.NS,2.7184053016276577,5.019893873187753,13.722238058139368,27.111732748699534,10.258135056656394,366.4799298252237,True,62,False
SPARC.NS,-28.4557873345352,26.975445322915427,37.136109890342816,40.48899042164778,9.537794193167127,19.588900406344635,True,62,False
BOSCHLTD.NS,4.436982851660876,18.425346750067995,11.169262190451867,12.723272068340673,10.238369342436457,168.95170148879998,True,62,False
SIEMENS.NS,3.369945066605151,11.559348332040331,16.471194397025823,13.61840299119903,9.677767170695098,136.00021945638935,True,62,False
HINDOILEXP.NS,9.71880287411766,19.56505719109869,9.854040248361429,-1.9114938967937034,9.389041858180345,24.088614167113764,True,62,False
TVSSRICHAK.NS,5.156621629648139,21.00808167053565,-0.5908822063981911,17.92204427860966,9.73049740040868,19.642849583567685,True,62,False
WESTLIFE.NS,16.29443677234601,27.129397868888148,6.016607267958873,-14.087010051292836,10.329573726049242,17.25100817816975,True,62,False
AARTIIND.NS,-4.986577432417394,9.156685380447183,23.46390631210269,20.90120507547568,8.709728380638154,56.37297586707381,True,61,False
63MOONS.NS,4.3721022953192135,39.08702619376931,6.415777499428299,-11.035002088240676,8.64240123911907,74.04546757771712,True,61,False
BHARATFORG.NS,-15.319726802829825,4.455559325756986,22.573026011195573,48.90182733322676,9.058191812903935,211.0903577016686,True,61,False
KRBL.NS,6.8350330080749755,19.404815962953847,1.1040394506376394,11.678626171314566,9.1715095202112,28.067860489032423,True,61,False
MUNJALAU.NS,-4.134736158232877,32.70465189225475,23.39544384566825,-3.8070844645596402,8.804707791379522,23.461130961285445,True,61,False
STARHEALTH.NS,-7.944981144487285,18.84619311022051,20.33565611930006,20.80962266650712,8.820301921410625,40.82881472109009,True,61,False
EXICOM.NS,-13.614501096983178,48.08063744170652,26.01160043418995,-1.536902044254207,9.065266727535183,22.525454188466362,True,61,False
MOBIKWIK.NS,8.966227000315952,34.41931716022606,7.383756107670547,-14.164333743648927,9.114238704975918,114.1113953867925,True,61,False
EDELWEISS.NS,3.1953514683460194,11.421851149833117,11.86040176806027,14.80251134461501,8.895093439840087,90.49342704034392,True,61,False
HLEGLAS.NS,3.5308520970143586,44.11565041055485,-4.367447493301702,-9.106506970990068,7.540680028058358,15.79481397814838,True,60,False
IFCI.NS,-11.91472759538864,20.203462326340382,26.812272077048416,15.821146529373431,7.801485148396989,608.130625112889,True,60,False
SJS.NS,-7.416691802899001,14.993953131810468,9.047176274117618,30.67802481677857,7.977154123381731,43.329385847872295,True,60,False
JSFB.NS,0.5341563643586289,25.13745592100345,12.844462813558177,0.792998167562442,7.968645926168266,47.28828026143648,True,60,False
MANYAVAR.NS,25.51697823739898,29.309231762427366,-12.425671442772712,-27.93927436939856,7.99564848501081,76.11615803080899,True,60,False
ADANIPOWER.NS,-12.280704487773598,9.67330005908542,29.27496849874074,28.239919757284014,8.525355867912596,399.2293207543569,True,60,False
MRPL.NS,4.4858559810811105,-2.3320474819838677,15.245048325798427,20.03487601754528,8.383917764704414,205.41182127816148,True,60,False
NELCO.NS,-5.330602121889116,36.78769078806923,18.669170429412162,-5.858021502124022,7.787527094315826,41.7089283639026,True,60,False
IIFLCAPS.NS,1.9575874901371249,25.08186843706075,-11.621033754582344,16.663840869029613,6.8079701063564535,13.89544596940091,True,59,False
ALKYLAMINE.NS,-5.038089015711189,32.531706373602454,14.651782543263693,-4.085747691685082,6.604312638751738,32.58119980824469,True,59,False
KAJARIACER.NS,-1.6984794229482514,11.05628630306208,23.698543536103234,0.7627320191191611,6.424120602477595,44.5398081856886,True,59,False
ASTEC.NS,6.2113102544925525,30.232140677315854,2.6893797884601556,-8.344856528264833,7.3998568892992544,18.16254114964373,True,59,False
PERSISTENT.NS,11.123952478997868,5.463250479949999,-6.995486782720828,13.833653376170973,6.909864406279176,277.79973456386494,True,59,False
ALEMBICLTD.NS,10.474180816657764,17.219797031249072,-2.3033727948052474,-3.9856850508967034,6.375820163772531,14.921612413558488,True,59,False
GLENMARK.NS,-0.36066782479544646,5.712041711566274,12.446059969855948,15.796387058943772,6.6466306181550205,130.98734616272836,True,59,False
JAGSNPHARM.NS,-1.9386210129565096,16.58915044109335,18.643183457754866,1.9246452679622328,6.655947428179486,13.71576422223348,True,59,False
PFOCUS.NS,-3.1240662115525453,-18.176119990792127,9.246864478458416,48.00748295636286,6.566019004184811,66.7996190960593,True,59,False
ANGELONE.NS,-14.180749448934604,3.619592849139841,21.565363742664644,32.648886350340064,5.894468808855069,163.14592009946364,True,58,False
USHAMART.NS,-1.5877695188523777,16.269106527553244,10.050410863454772,8.574825782839568,6.343760827228566,40.88734053402141,True,58,False
ABCAPITAL.NS,-6.565222530023618,13.79465733013918,4.789437103966576,25.250862614778512,6.140902397767407,137.475268877401,True,58,False
ITDC.NS,-6.558774929836431,24.341181177626314,10.482587025938939,9.79149494696101,6.29954265817068,37.50844200740354,True,58,False
GOCLCORP.NS,-11.279317739213656,30.37927938897178,24.045796272620024,-1.0106587174775306,6.171156293137393,12.131529207168516,True,58,False
STALLION.NS,2.1678996031609943,63.40013690237618,-12.409625908166289,-25.16838184941537,6.031585670223303,16.698020807288223,True,58,False
J&KBANK.NS,-24.29901910891683,13.704035596394037,33.568459349569224,31.123124766149868,5.959516298855894,38.281384460211264,True,58,False
GODREJAGRO.NS,11.151394600364405,7.0795682509045,10.177066148024805,-8.9796507935189,6.115954561227843,34.097605627555,True,58,False
JAYNECOIND.NS,-2.6934938476280035,11.368346369864902,-1.3065533705842625,26.785970549202133,6.292155170645354,43.04009777200618,True,58,False
TATATECH.NS,-5.908256168277326,28.081936717826707,9.95315091128992,1.244606172816387,5.492636293075673,120.67643336695053,True,57,False
UNIONBANK.NS,1.5669922991428331,-6.297040840909718,6.590291271260318,25.669878092575015,5.819422624242256,172.60394659611677,True,57,False
CARYSIL.NS,-13.712402090294285,23.04819130035769,15.329456481426407,16.089796850579006,5.408528090354906,11.58996929236727,True,57,False
DWARKESH.NS,1.7335728076824486,-0.08960778690472182,19.09211632982737,6.903157164791263,5.874562264615762,19.302182468022515,True,57,False
ADANIENSOL.NS,-23.264014426950542,16.9872537659328,20.777105035257158,37.72030704677491,5.791327398812758,416.1504464303541,True,57,False
MEDANTA.NS,-1.1595530981971636,24.971431898445505,6.076763731060608,-1.2116268110050732,5.503492524421343,40.44817444642515,True,57,False
KPRMILL.NS,-4.8229682711989685,22.57052036384124,16.69343481235026,-1.5875979851331379,5.606084129732086,26.391680620364294,True,57,False
VENKEYS.NS,5.675125794829228,9.368794155951665,0.5165075187886004,6.521599014376522,5.551430455755049,16.16557653022209,True,57,False
IDFCFIRSTB.NS,-1.3154693024340025,21.813722625689834,-6.369956013975997,15.179599635813545,5.598485528531875,148.74175114473618,True,57,False
MAHSEAMLES.NS,4.435245599868831,1.5609596419805527,10.81032432997282,2.751224026067911,4.798599839551789,23.762295980245288,True,56,False
TIPSMUSIC.NS,-10.844136520359015,18.258688804625113,16.66513178927278,10.01900911580702,4.650911333797377,15.059948850236788,True,56,False
AVL.NS,-8.639939026262777,22.094976937393305,18.424537862229485,3.7774535553985356,5.403418060499154,11.942991455949905,True,56,False
TVSMOTOR.NS,5.164680886834261,3.748221070309432,0.06728683010985836,11.883334960419422,5.205640926901447,395.7449174167397,True,56,False
CRISIL.NS,8.652825855028867,12.785859052501847,-0.38954971940128313,-4.018229449175525,5.136746318796554,22.00297330821076,True,56,False
SANGHVIMOV.NS,-10.09846688133561,32.545573910748146,12.171430315290177,1.5126066201720967,5.20653541670784,20.00037412119152,True,56,False
GPPL.NS,7.932628266622732,11.93332926432291,-8.34152166734805,5.029396506590644,4.897292127362194,31.152815087625516,True,56,False
TITAN.NS,-4.161686406606546,-0.6711970358671993,8.096184836662989,27.703933560494697,5.361109709615479,392.3018022146513,True,56,False
MOL.NS,19.692624509414692,20.482674090218687,-8.203679291338005,-30.883920990494175,4.156064565443178,10.438431592313265,True,55,False
NAM-INDIA.NS,-14.013004359897785,15.005774712201436,16.156279846777434,17.799574879907777,4.187124143818216,127.21382545908133,True,55,False
ECLERX.NS,12.261712756057497,24.794439358294838,-21.80942203861257,-4.949081016897916,4.511872362979869,37.70637667118707,True,55,False
LLOYDSENT.NS,-6.517052378156773,20.651288857039063,8.602156458666311,6.762244372188975,4.59631698631616,25.322796251047304,True,55,False
PETRONET.NS,4.4990095872999625,7.417918430561787,1.0573713516710326,4.4990095872999625,4.3944637088265415,55.32134679822372,True,55,False
ADANIGREEN.NS,-18.797281032775626,20.22401896749708,21.863177955179513,17.331588483351435,4.3648446680953565,238.05329061920966,True,55,False
PNB.NS,10.005649224619884,6.743322626143633,-6.475854137787551,2.2820674544659525,4.51216687841236,153.28676880275938,True,55,False
UJJIVANSFB.NS,-8.10528153286133,4.400272045074338,5.150585569751875,27.120398363610086,4.092138582542728,94.48582619277836,True,55,False
MANAPPURAM.NS,-5.1092727074698585,19.718567476282868,2.507320591474582,9.993002923161608,4.400069115195869,199.177008959138,True,55,False
BECTORFOOD.NS,20.581154272039793,8.895720905972283,-15.666955090785939,-16.07696998196637,3.6628208754599125,39.86577382626223,True,54,False
MINDACORP.NS,-9.661388535771442,23.697503420175536,5.513639113349078,8.159102668023843,3.6094936260011146,31.585509786432677,True,54,False
CONCORDBIO.NS,0.7176202998141701,29.079367350061382,1.771703229967625,-14.757996041256117,3.5056630276802463,25.96568569506,True,54,False
SHRINGARMS.NS,-4.310005458009969,15.442443936198735,-6.62922637624348,17.36638213721524,3.511917756230112,11.102010581299284,True,54,False
EXIDEIND.NS,-6.849315167229342,26.71485747678213,7.378166894683025,-0.9169687246373681,3.89548506247382,144.13274866533285,True,54,False
ASAHIINDIA.NS,2.375542446648393,10.154295453511653,-2.6900487640835746,5.621933675037538,3.5674530515524805,17.001280068963283,True,54,False
HAL.NS,3.1986411725244634,15.440507088971223,2.8611828551263985,-4.41031145274402,4.0577321672805065,441.8239426186032,True,54,False
CASTROLIND.NS,6.040961012788615,8.499609940715924,1.5810889109513004,-3.9378218445026536,3.64495980654836,60.41655685030583,True,54,False
MANINFRA.NS,11.485400841970407,27.099157381464025,-8.83909137309744,-21.903745950221687,3.865424348417143,29.09135828408162,True,54,False
DEEPAKFERT.NS,-7.982030321090727,31.594611442091903,11.212268798019732,-11.43475235540813,3.0816134485044118,50.78100570104,True,53,False
GIPCL.NS,-0.13787886272120797,22.359337871218464,3.6138566922890636,-9.985948325589877,3.142297702495047,14.076827987344316,True,53,False
ABSLAMC.NS,-14.454287333787486,3.7509674805444426,17.61845710508114,23.370402151833368,3.1662504139767966,20.971882793003964,True,53,False
EPL.NS,-1.8578765871108849,1.2149422110905084,8.790076908869926,6.869275279450382,2.6317082450378093,127.1079514637573,True,53,False
SHRIRAMFIN.NS,-10.27096325603145,-5.605738860808174,-6.268995356497998,45.62558531799195,2.641784917724575,461.8833256988665,True,53,False
HERITGFOOD.NS,15.754341500267909,20.491046511693668,-15.788904775273238,-21.91534100622561,2.8590967461461263,20.99673699461531,True,53,False
GOKULAGRO.NS,-4.020421842482536,3.432059457059511,19.234100133174504,2.257946023246804,3.3766523857031494,13.520822678906267,True,53,False
AUBANK.NS,-7.4021687883074065,1.9730010384215957,-3.246466506796797,32.362847780678216,3.25700894713764,158.97330092344453,True,53,False
GLAXO.NS,4.949392639046679,7.653519574239098,3.4239923185457766,-7.484157489461218,2.698427936283403,34.13981979606816,True,53,False
NESTLEIND.NS,-6.587245970567624,8.488650848292846,1.399667180570363,13.941360131830516,2.1310372439116954,220.28197882276586,True,52,False
METROPOLIS.NS,-6.277671585038769,15.834976377764477,3.2431114362350577,6.046182849252979,2.513785498634995,14.384458669672558,True,52,False
ADANIENT.NS,-17.0920565745476,29.10560658386425,15.569199488648833,1.7182131232071685,2.4417812093250113,497.1715631004841,True,52,False
APOLLOHOSP.NS,-8.596641047537712,7.298001737619453,13.334745164478324,7.758909993959318,2.239674960196334,407.4055516137001,True,52,False
RATNAMANI.NS,-5.01354820550487,8.747737285929835,9.331953515336311,4.488247295292402,2.5081683371097614,25.012817409645663,True,52,False
VTL.NS,-18.81964306653221,-3.937430997579905,21.38343550860351,29.476650668409366,1.856673809273711,50.002694255159994,True,52,False
OIL.NS,2.888298935067124,-5.788635156664901,5.620387341404354,6.944776210566128,2.510625253087966,117.1489007608058,True,52,False
ALLCARGO.NS,29.20245675876625,26.258987293948046,-7.712533972036029,-67.20647918774392,1.9489775303401196,27.534025015770865,True,52,False
MANKIND.NS,-5.543369890329009,15.300362978239956,7.904328018223228,-3.2475490196078427,1.7740804392394645,114.53812243944836,True,51,False
BEML.NS,0.466616821883048,18.21925556224626,0.4293425045456045,-13.685031803566405,1.1793599813983113,84.33071699193906,True,51,False
TECHM.NS,0.6380841200357201,3.59195408298727,-5.185049005087605,8.103669997032338,1.5573486630006885,359.52166501828845,True,51,False
CUMMINSIND.NS,-13.051305130513047,-1.577207969270733,12.070170747762132,22.81638721410073,1.4413479463132077,235.3723371256561,True,51,False
SAPPHIRE.NS,10.755736470586697,27.866629041824353,-11.542077560012142,-29.492681912085683,1.6686685021799859,43.68624586093602,True,51,False
TVSSCS.NS,-9.77323624072428,16.316429691320543,10.702223036024305,-2.214195729671675,1.0515969032449224,21.914214355471824,True,51,False
UNITDSPR.NS,-0.5388105637481377,9.306237766838965,-0.6906579425663417,0.24952476698822945,1.5574966927529155,112.91483405267999,True,51,False
NAUKRI.NS,2.3466647097974525,21.60813750104882,-9.246572043389122,-8.613840790994375,1.688210817252045,210.50121035448535,True,51,False
BAJAJ-AUTO.NS,-5.8086889509681106,2.7424608595145505,2.9534087917873153,12.656259001094528,1.3469501500920344,298.3664274485,True,51,False
MARICO.NS,-7.1567730246161805,5.191683962751847,1.694591142610835,10.57739797676982,0.6300254065800281,138.31610675175878,True,50,False
POLYCAB.NS,-11.298554773545366,8.51846983041935,6.351455810358164,11.659678073853641,0.7864988335080847,318.62154938450004,True,50,False
GREAVESCOT.NS,-20.959686231308027,41.3024274429723,7.669122930448524,-4.524508094912994,0.5055339631783559,41.60258622144367,True,50,False
LODHA.NS,-11.166726972818243,34.86163831178865,-4.9285670689174115,-4.330633528470351,0.6537967537528813,199.87939320675622,True,50,False
INDIGOPNTS.NS,-2.646357714704306,29.50487481300883,-13.681636558120115,-5.663680911506397,0.973368382794741,12.624748889255269,True,50,False
ANDHRAPAP.NS,8.82448334043957,8.019925692494457,0.373357233300764,-21.21673777061055,0.9651023672127623,10.734584298005238,True,50,False
GOLDIAM.NS,-18.328660027731846,22.335528959448236,14.440706272464322,4.581194494524565,0.9400219341946863,27.183659106127447,True,50,False
CCL.NS,-14.491335955739014,-2.2678709787510964,12.622500134340742,22.573880040247563,0.7891674568718354,16.80179260082833,True,50,False
LANDMARK.NS,9.88413783727282,11.198855944979847,-1.4422031374270894,-25.873345970696505,0.7303165022803793,24.974651107919843,True,50,False
ASTERDM.NS,-14.118302292462126,4.752282766086702,13.750503955455095,8.394633179339262,-0.2678369368086384,235.5120929996719,True,49,False
WALCHANNAG.NS,-19.291415952619516,20.166952439119857,10.713521133348891,6.373151610096617,-0.26584134453473407,16.969074315122423,True,49,False
NORTHARC.NS,-13.386674370175255,19.970164059946093,9.35618663662774,-1.4875743151597232,0.21308552821271998,45.80694486340417,True,49,False
HINDCOPPER.NS,-5.843961319437985,-10.23357896585666,-15.155623087680992,38.5490586760872,0.2943867967347158,592.1328704589129,True,49,False
M&MFIN.NS,-3.982566730942838,7.885851273961997,-16.85320092210424,15.847692550147329,-0.21695811197611814,81.10926343976034,True,49,False
INDHOTEL.NS,-3.1006653249482707,13.757757460968456,-3.836332615515514,-1.2147129056095496,0.5010762579893702,170.22325992979347,True,49,False
DREDGECORP.NS,-15.137133604709941,0.6482811722526405,-8.941705567931246,38.295042732238336,-0.05452977457203012,15.10712345863833,True,49,False
KIRLPNU.NS,-24.553371598777364,13.60347794930179,27.483754084072707,9.403176469952479,0.2767330611544505,11.876771278236316,True,49,False
LICHSGFIN.NS,-0.045298059239151645,3.635175101416621,2.176328851392806,-4.633068930315254,0.21756778080317396,180.27965853081466,True,49,False
BAJAJHLDNG.NS,0.6324404761904656,9.155107187894075,-4.009936124911285,-8.452491750571111,-0.40848794704147817,48.439579314,True,48,False
KEI.NS,-10.309076682316121,3.8058389678935267,1.238713569871952,13.568811439946526,-0.4009578773840472,272.0034647751152,True,48,False
DEVYANI.NS,8.469364305522898,18.120997402447394,-11.746642200011525,-26.148794842921554,-0.5671422058879783,56.46225018622571,True,48,False
EXPLEOSOL.NS,4.72025237802034,13.639661222497669,-12.510784849577139,-14.166209883130277,-0.7193657508338132,14.739218190281964,True,48,False
HINDZINC.NS,2.0465687032882096,-2.6857654431513,-13.53801764096685,10.57985757884028,-0.31015761974029044,310.80762527179996,True,48,False
ICICIBANK.NS,-3.866619368570412,5.7519666247793255,-1.2030623405031027,-0.7471397258049572,-0.7862948357339117,1357.746315989445,True,48,False
ASTRAL.NS,5.928320908161289,-9.842035374396074,-5.560021254364001,1.8936161972026744,-0.3303597230469648,139.44812776287452,True,48,False
GENUSPOWER.NS,-6.642533136768036,15.348707463209221,0.44030069194538335,-5.376517687195992,-0.5745151611154922,70.24149257933894,True,48,False
PARADEEP.NS,2.350394059437977,22.957689045819386,-8.108952533317337,-24.19546320778705,-0.9291877152818104,70.6088737342488,True,47,False
GRASIM.NS,-8.087652096780717,5.455208903484765,1.4426655574117486,3.532281332153886,-1.149029680102207,291.4762207171947,True,47,False
PROTEAN.NS,6.944334774858674,24.627962188004425,-16.271318829969296,-28.546727430436192,-1.2602829045367434,54.28423050814761,True,47,False
NOCIL.NS,-3.849746855767422,-0.12723823688832736,10.794460068800959,-8.660721880141187,-1.13859875195268,26.593831452017927,True,47,False
SUNPHARMA.NS,-8.400126072824532,2.4983999198662454,1.798830189529177,7.896030694188871,-0.9213982684129545,326.50970234123247,True,47,False
PCBL.NS,-3.446142579865885,15.238480990314507,4.832212716941076,-18.667016679949743,-1.0977216264851863,56.78487624088293,True,47,False
BOROLTD.NS,5.148465160711613,11.3400446521426,-3.7920575627685804,-23.140372183384994,-1.0590909545175502,17.46580289331404,True,47,False
PIDILITIND.NS,-6.2440661871788095,9.989607625580256,-1.5282392026578107,-0.5102024510270309,-0.907393280492441,131.57651167866817,True,47,False
JINDRILL.NS,-8.504518143262796,7.473474547978243,7.9396465037128605,-3.701522823873493,-1.0594876117415968,54.388164365850066,True,47,False
RADHIKAJWE.NS,7.875627865688939,9.307532078108993,-7.672565715027735,-24.399960507062314,-1.4027476825206362,15.652077849375864,True,46,False
DIXON.NS,-5.307635285396595,20.220224930591502,5.999502116006972,-23.006449279729978,-1.4803985607849386,473.76921772704003,True,46,False
NIACL.NS,-10.774398200164558,24.84992510346713,4.996441327529499,-14.920284267378037,-1.324542847342105,133.16127741563835,True,46,False
DEEPAKNTR.NS,-2.7171262046865596,13.97751401363756,-2.880238059038176,-12.414948609573162,-1.35038501286938,65.81956597259949,True,46,False
KIMS.NS,-11.917099788040098,6.570996978851973,7.940640506838337,2.194542616041062,-1.4256038948697647,48.19087100530958,True,46,False
FIVESTAR.NS,-7.691596666746681,18.651078309419855,-5.244786045316752,-5.936887626615506,-1.5827577392011527,30.705864625700976,True,46,False
APEX.NS,-19.830613964193887,-18.719336891071936,6.716049207958541,44.609331718339405,-1.4110367786323526,12.633784049072537,True,46,False
NATIONALUM.NS,-11.0641939639463,-23.39032636823064,-4.504230485585614,42.83775938940559,-1.4370370784606532,241.36666269160986,True,46,False
GAIL.NS,-3.7430660295205365,9.473129715744655,-3.7041338047201333,-6.044204546578835,-1.5522681389190773,151.5500544740218,True,46,False
ANANTRAJ.NS,-3.1231475263643116,19.71683272155218,-2.941924692133391,-20.707139527743223,-2.035705310210612,135.84519767395759,True,45,False
PNGJL.NS,0.26740815348524904,-3.038381865530304,-1.5345438656260924,-4.572928175883762,-1.722207520013932,32.94487841551577,True,45,False
POWERMECH.NS,-9.271620872366427,16.410009624639077,5.827279216314807,-12.775395470743845,-1.8162696749045635,15.472259493809268,True,45,False
GUJTHEM.NS,-4.830478234683399,30.19807185835315,-14.641306847453606,-14.045872488478695,-1.6300127893891903,17.384630776851218,True,45,False
HINDALCO.NS,-6.878006069111098,-8.654192331485323,-3.3648208876622343,15.377715608935105,-2.07946194968693,412.48385068610787,True,45,False
TIL.NS,8.965712059335274,15.477540440569037,-13.579336919467833,-29.64854273290647,-1.9637830186269438,10.013965495445005,True,45,False
INDIANB.NS,-1.5132633297400222,-11.89679786563258,-3.309254720356647,8.336049946909485,-1.9793058597119573,99.03143595117304,True,45,False
AXISBANK.NS,-4.570262824946047,-4.505121305579252,-2.076533848829909,6.613037729545934,-1.8218286149510643,661.9989788549092,True,45,False
JKPAPER.NS,-0.9619260020028109,6.0803984760607666,1.981028522440842,-14.252199413489741,-1.6229248837987509,17.78807747211315,True,45,False
BLACKBUCK.NS,1.4913881153920672,4.464047250634096,-15.209453950165596,-4.952646558348295,-2.5430554054191323,40.45069710587531,True,44,False
BAJFINANCE.NS,-6.121648453010032,6.282867423194016,-1.9157088122605415,-3.0058095478656233,-2.1763895685904426,749.7334424059594,True,44,False
FSL.NS,1.1469133678875254,22.397742111549256,-20.374221448300577,-16.59667260151022,-2.455865040497299,88.76031268498906,True,44,False
TATACOMM.NS,-9.736301125921376,12.624061942343644,-8.114256729235992,2.6583158412284202,-2.460896239501336,42.780248013771974,True,44,False
EICHERMOT.NS,-3.3783320770232272,-1.364113326337879,-5.780153691947875,1.5703789079383412,-2.4661104528787736,337.7528999854,True,44,False
INDUSINDBK.NS,-14.932372036173502,5.782338386464381,-4.255790574305585,15.286325430557524,-2.610374165926137,165.37014722383972,True,44,False
APLLTD.NS,-3.6219211874215174,11.219882670796299,-4.364177646921641,-12.022189067654487,-2.4820652837245727,14.490605121760723,True,44,False
ARVSMART.NS,-2.7475148837077357,1.82127867353723,1.38124304426257,-8.629906666648024,-2.184482943252739,23.28813333242583,True,44,False
DRREDDY.NS,-3.037667071688943,-1.2294763688338484,-4.239999999999999,-4.094221343282046,-3.127806371098756,210.71313979609025,True,43,False
JSWSTEEL.NS,-5.608535885307175,-3.447131756224253,-1.5094041694540539,0.5423129115026404,-3.1262589569580035,206.0141024491977,True,43,False
COALINDIA.NS,-4.335198485556358,-9.370186685451676,-3.7197389074728804,7.356197010686438,-2.880825110670167,350.4429367459539,True,43,False
EQUITASBNK.NS,-20.52486230214845,11.200939583662773,-0.9898075271276618,15.137768516533168,-3.140164806245723,13.264150283021628,True,43,False
RICOAUTO.NS,-12.383999374141286,0.5763217616626903,-12.410646155759864,23.23989025622799,-2.6724865772303517,20.300106669662647,True,43,False
LUMAXIND.NS,-2.461595409957429,-0.6410256410256387,-8.196150161135785,-0.6784771956275915,-2.887768763540775,11.797278972219999,True,43,False
PHOENIXLTD.NS,-15.826370678461588,6.035437727257698,-5.7885177663841265,16.03839843749999,-3.0734845917099234,80.95189045881136,True,43,False
BLUEJET.NS,-15.124528130180959,39.11867641986149,-1.934259059373511,-22.424060522292024,-3.0977398844331945,40.34474654998786,True,43,False
DLF.NS,-4.946142186202717,15.21448823548608,-8.821255662279736,-11.053213833217834,-2.910453126483385,233.44873254432596,True,43,False
TEMBO.NS,-0.424987437265667,0.06360717208822031,-11.875797412465428,-5.840097802382038,-3.700452583458116,13.23488716361359,True,42,False
ALKEM.NS,-5.173342913597989,-1.703751978400525,-4.9257091400270125,-2.9952223447262005,-3.9942738580699433,79.070370379,True,42,False
CLEAN.NS,2.9015575665884086,10.81816997548717,-8.114043649226776,-26.79689825306262,-3.657931358725082,34.870988690290496,True,42,False
VBL.NS,-5.990195211661298,4.279973129521042,-9.7605915726525,-0.552488925378003,-3.6026995583664116,243.08635978478836,True,42,False
360ONE.NS,-6.261180679785328,4.9995016165358175,-12.593828190158462,-0.11436820698806915,-4.046211228036275,100.9806544366915,True,42,False
ETHOSLTD.NS,-3.2427294203001167,5.403633224611082,-13.156461934526241,-1.8570990268964138,-3.2190773154823615,27.28101920559765,True,42,False
CHALET.NS,-3.167204433611026,8.814951994686115,-6.13994427977188,-15.50179882510937,-3.832239995483438,16.07092852310794,True,42,False
SBIN.NS,-7.5120563562258935,-7.863007774177122,-4.6193638079576775,10.584571553675847,-3.384382548182148,921.5022470765865,True,42,False
OBEROIRLTY.NS,-11.759812387588086,2.7396461341472556,-2.367813285739939,5.817866138886574,-3.4659851575764566,82.64535829277105,True,42,False
IONEXCHANG.NS,-13.493471454478412,5.43712724355867,3.195564848423982,-4.869141813755329,-4.6446785261459,18.029958961567395,True,41,False
SENCO.NS,-12.13910761154856,3.3179012345678993,1.424030413835209,-4.09683091049139,-4.726622897037081,77.27951405409365,True,41,False
POLYMED.NS,-3.9053040054155552,10.307195004517823,-7.956856078234875,-16.94055186154666,-4.480164189218964,28.110356708252276,True,41,False
BERGEPAINT.NS,-4.2702135691815695,8.482757217582627,-10.726444250513422,-13.029853459375174,-4.762793526133821,21.29959068866821,True,41,False
SANDHAR.NS,-20.506669584691927,9.407875889728734,-8.584725028244932,16.472655833696948,-4.743506494840622,13.078501840148853,True,41,False
VIMTALABS.NS,-3.3884551500210858,22.719487892824517,-13.251549867413182,-27.38634135255188,-4.939062725436544,13.847629971175877,True,41,False
PAGEIND.NS,-7.708672256288329,2.5730180806675884,3.727144866385368,-13.994169096209907,-4.622270132346722,101.47902056500001,True,41,False
IDBI.NS,-1.1656992512085518,15.24271580631751,-25.12391148609906,-10.26998087790274,-4.496515012020279,106.26940086119035,True,41,False
SUPREMEIND.NS,4.2044007396993655,-7.876663252145577,-3.3273941899909176,-17.45730366506114,-4.050511925559781,62.22169403995508,True,41,False
INDOCO.NS,-10.93351604764946,14.536788325624773,1.3575837307695515,-20.612528526216288,-5.3170377130241775,28.77204232971918,True,40,False
INDIGO.NS,-7.581986805621954,8.62870904041888,-5.281724644781971,-14.566024394555422,-5.276602722032484,309.29445751074,True,40,False
FEDFINA.NS,-6.906200706105925,4.931549819877157,-11.391566224444116,-5.548748821674787,-5.164233327690718,13.53623254403713,True,40,False
BANKINDIA.NS,-7.6447488865873385,-6.812659941547272,-10.294210913744827,7.113843719755608,-5.0565049817422345,81.97338501196948,True,40,False
HIKAL.NS,-13.03675300623418,22.26609651622855,-5.132757968181345,-15.898444756727582,-4.967722444229748,38.894267291731396,True,40,False
XPROINDIA.NS,-23.233315952177946,6.125213043327027,16.700417163557123,-3.2258064516129004,-5.373361629816929,14.229594141669201,True,40,False
TRENT.NS,0.6241113377518426,13.675435174472073,-1.185155105603719,-39.4023748818004,-5.132774427485673,284.96810051754,True,40,False
POONAWALLA.NS,-7.792211468758614,11.337893663464538,-7.792211468758614,-14.702523461405503,-5.348252840843362,57.92069528783574,True,40,False
HONAUT.NS,-14.96794452440141,17.05691642651297,-5.345179143606171,-9.003080369644357,-5.445446427108076,14.187880568399999,True,39,False
LT.NS,-5.732466620131726,-4.9509754314773,-10.772452390988773,-0.7982654643210463,-5.597325305410115,600.9096578716499,True,39,False
JINDALSTEL.NS,-1.1761310309886253,-15.246746173829306,-6.000366572100546,-5.555038345840102,-5.830882630749441,100.32928322337783,True,39,False
BHARTIHEXA.NS,-3.496283176667203,0.08493720428992546,-15.256952713807404,-6.534470749599608,-5.739810522490298,26.41307415630248,True,39,False
ABBOTINDIA.NS,-5.092170104033578,0.853374709076804,-7.654057893802168,-13.232104121475052,-6.043425502853514,22.730390436,True,39,False
KIRLOSBROS.NS,-13.328206380208329,10.449616358411596,2.591960090996248,-15.65525828915153,-5.854018920032068,12.366796184399258,True,39,False
JUSTDIAL.NS,-4.255003151627079,14.385314933548642,-11.631552550992463,-22.123419001366152,-5.5759325844128265,13.96805530355912,True,39,False
ATUL.NS,-6.090357598978291,-8.890265623789983,-4.7753945770942945,-4.1000978154548395,-5.98929464285914,22.76771032932,True,39,False
TRITURBINE.NS,-17.123399385966742,12.354366445610454,-5.167456252476599,-2.022432247060102,-5.816464165171947,34.58123898054909,True,39,False
CHOLAFIN.NS,-12.330887725310857,3.5548888440344983,-10.426542895654611,1.063081731003468,-6.094069554247672,246.26080387586168,True,38,False
AIAENG.NS,-21.012258005666208,2.9159067382556136,-8.344778048752454,15.92283269450514,-6.306110925464824,23.637556183823147,True,38,False
JUBLPHARMA.NS,-4.194508818848952,6.018205280325661,-12.95534787360375,-16.75004430146808,-6.415240906488815,30.51848253001313,True,38,False
BHARTIARTL.NS,-5.0846603617332615,-2.920299457629416,-14.247032038672803,-4.829439444512163,-6.433218332856182,1205.9590097017863,True,38,False
TITAGARH.NS,-8.489341413191342,9.681066749172373,-12.016750587273817,-12.433099780705303,-6.349493289037887,41.128751759146326,True,38,False
NUVOCO.NS,0.17375401413901592,3.7461189058322297,-10.77658650836224,-25.273948028137305,-6.391381520477857,10.789912987457255,True,38,False
INDUSTOWER.NS,-7.007687106551996,-13.137188847041825,-12.286965592731903,7.85896333059386,-6.316113064456773,187.75576784688508,True,38,False
IZMO.NS,-19.0559312952439,21.0081071554459,7.040410709211331,-21.88495147518763,-6.389659240203641,11.406681900646353,True,38,False
FMGOETZE.NS,-5.95225205155836,1.0948947028681433,-7.599287429016332,-12.228933262146802,-6.127566018282343,78.46444103635501,True,38,False
ZOTA.NS,-7.8694669794357575,7.257997212307621,-13.638141289145977,-12.189140251492848,-6.861643657440544,12.432851142983324,True,37,False
TATASTEEL.NS,-7.113461341016847,-15.302141502665044,-6.418263025305504,0.34062485712229584,-7.121340470576389,479.78317252258245,True,37,False
UNOMINDA.NS,-3.8444890176979163,5.063533628890271,-17.1030958971643,-15.805471124620063,-7.106802285657985,86.64120858929064,True,37,False
MPHASIS.NS,-1.2717496479958568,-1.0606652542750172,-15.771437872356076,-13.771051766306508,-6.629330837785863,111.74162702921605,True,37,False
GMRP&UI.NS,-1.77230822447485,-3.9741631190780002,-9.933896324567836,-15.409159746901736,-6.572367127899454,14.426643721366254,True,37,False
JSL.NS,0.8104091000049829,-6.346584248108278,-18.090455981572063,-10.04757528792023,-6.572759463518121,57.954388950243924,True,37,False
TIMKEN.NS,-6.695215092710239,-14.211258829914941,-4.013992428927571,-3.6801024438190777,-7.059156777616414,12.499385325945878,True,37,False
HYUNDAI.NS,-2.7276385754179233,9.709887826201369,-14.971953148457306,-22.63519203826648,-6.6705069022716525,166.15276253477998,True,37,False
BALUFORGE.NS,2.9304838945521494,2.524769564166607,-18.88748213956489,-24.730170280737852,-7.046383013406368,87.75703803431384,True,37,False
HEROMOTOCO.NS,-1.1429514052641587,-7.352384557153668,-18.21067579984964,-11.800738672191692,-7.929940367944663,337.07608259939997,True,36,False
TIMETECHNO.NS,-5.745590405834844,-1.1934052414899199,-6.221747810885148,-20.06979912039443,-7.795226596887837,54.00684725247983,True,36,False
YESBANK.NS,-13.793105937492712,8.293711936153292,-10.205869169919035,-6.178491340506421,-7.1353720898515185,140.67220676179676,True,36,False
CIPLA.NS,-8.810538688855107,6.25612333049359,-14.396633885940169,-14.278181336472507,-8.00795385392586,121.77968247029419,True,36,False
TEXRAIL.NS,-5.290557597467971,14.44627141872985,-18.59919846317647,-21.059748900683516,-7.158758228013216,32.05662871735709,True,36,False
HCG.NS,-13.206152552561623,7.961523079620925,-10.360562429735975,-8.509314874684593,-7.464131865984578,11.364389684366486,True,36,False
ASIANPAINT.NS,-11.801967816999392,3.0622134741609575,-16.92356810175728,-0.7931101359154424,-7.6516800795021105,171.38052862185157,True,36,False
WHIRLPOOL.NS,3.340295467775589,-0.8678267025355901,-10.791326427859682,-30.74868720595716,-7.1454498801602515,124.08539708828239,True,36,False
MGL.NS,-6.424979721584611,0.24513807528239173,-6.97591000641169,-18.613907040597688,-7.638927682979242,29.063808075007135,True,36,False
BRIGADE.NS,-3.6686017142768423,4.376770705956079,-18.930500347619528,-18.401637350734134,-8.058514084190254,34.081297235861776,True,35,False
SFL.NS,-25.193628442601735,16.850571610924135,2.600501310956571,-10.768658623198446,-8.340968517304244,17.85734113180155,True,35,False
ICICIGI.NS,-5.432781010659927,-4.432886209222553,-14.6320556427046,-11.581922329027005,-8.302485240454802,148.53045962788,True,35,False
BIOCON.NS,-14.977495189740686,1.070286826382083,-10.71930792200757,-0.8090861897844248,-8.082619532978258,128.2844885607543,True,35,False
ELECTCAST.NS,-3.3800248501967722,-10.595785968300763,-0.6606765301054085,-22.446875993615677,-8.092677638483078,22.956433494407946,True,35,False
GANECOS.NS,-13.944688498076873,-8.178496110955836,15.679811691767465,-20.26904229453914,-8.131420741976253,10.465775192564577,True,35,False
SIRCA.NS,0.02484006507688097,-4.922671747573981,-19.564562645276993,-17.950280720687427,-8.477566996676927,14.409467691502497,True,35,False
LICI.NS,-10.66167892464156,-0.6175982182104467,-6.818720323170401,-12.896989781828228,-8.33133323449844,495.4571958996483,True,35,False
NH.NS,-15.619788065623485,-0.5034111455665569,-9.557119494973554,-1.911009697661148,-8.642223293889646,53.15433253512981,True,34,False
ENDURANCE.NS,-10.773847618135902,1.172461808655556,-5.528955726852958,-16.793389048992324,-8.539515640692306,33.24842741189621,True,34,False
STYRENIX.NS,-13.742072171117758,2.3603489919714615,1.184325425927013,-18.909709160314257,-8.56983581693026,11.763520082118573,True,34,False
RAINBOW.NS,-15.720646447629704,-0.3030341968201733,-4.956672649541005,-7.679811235408939,-8.876162195405906,18.496052679044237,True,34,False
KSB.NS,-16.81599242067824,-8.815671137706914,3.653053572076548,-3.6001706299584324,-8.478954607389054,23.267530475240214,True,34,False
HOMEFIRST.NS,-14.623316765587823,1.5851977716352383,-1.4824370898921413,-14.3516328093924,-8.69910113176499,22.94305836498,True,34,False
SRF.NS,-8.101112115006115,4.987913523475718,-18.444309061020768,-13.69801725425498,-8.671327404362453,63.059346468679145,True,34,False
ULTRACEMCO.NS,-7.743496672716277,-6.752271139063593,-11.681972367005876,-11.182294700058238,-9.020706310312052,295.1067388264,True,34,False
RSYSTEMS.NS,9.597246735986008,1.9626789810881062,-32.145952308480204,-33.71995076777683,-8.941746124639383,97.05617620742127,True,34,False
CREDITACC.NS,-17.70549018420555,2.5817436908684765,-4.792311762046797,-10.163726836252318,-9.557055055168348,34.2685140297292,True,33,False
BAJAJFINSV.NS,-9.087575422289651,-1.8668326589092787,-14.932326760061553,-13.304016692195342,-9.655665391149096,187.88790082529258,True,33,False
IGARASHI.NS,-16.689452953250374,26.853484740917732,-16.4081458264274,-24.11877277710429,-9.410467953822941,21.31301054025468,True,33,False
MASTEK.NS,-3.9947435400333853,4.367547831412821,-19.989524372316993,-23.717189099013314,-9.465730543996852,39.954206988651116,True,33,False
GARUDA.NS,-10.604233563851873,0.34340929259930597,-13.248855307651242,-13.783649996699655,-9.579512627891068,16.942190015365746,True,33,False
SCHAEFFLER.NS,-11.297072957932963,-4.641064857068466,-4.032233181162537,-14.432365952779502,-9.139961981375286,23.138219314642498,True,33,False
NHPC.NS,-8.14246324597232,-5.343019989587372,-12.75401067568016,-16.035893698917047,-10.083570171225844,70.95816417712594,True,33,False
LINDEINDIA.NS,-15.715490581951086,-16.530938957332776,1.155630535638963,-3.6941856729842626,-10.10009505171605,15.92185947264,True,33,False
PREMIERENE.NS,-19.301489356833034,-6.388210135530659,13.659152724333534,-14.189193536895385,-9.104245932351716,112.48785427596789,True,33,False
SBILIFE.NS,-9.230025678899768,-11.523110525948665,-18.8379313776207,-5.6299367752224665,-10.890206007318273,186.11761032486677,True,32,False
LTTS.NS,-0.8369425334108116,-1.8930713560535328,-25.95049873548416,-23.76856309842822,-10.65720365135751,28.321801411313004,True,32,False
PRESTIGE.NS,-18.413268631279134,6.624224859543748,-15.613936210773716,-8.05829218516234,-10.774908159790115,85.99158028444491,True,32,False
JUBLINGREA.NS,-14.648120925526708,-2.0427312032061384,-16.64335826933483,-6.233148801217991,-10.843096024962476,20.191553809742548,True,32,False
CONCOR.NS,-4.7311157731441895,-8.346293416277861,-16.343329152268026,-17.150890346766634,-10.26054889232018,66.79555981677262,True,32,False
NSLNISP.NS,-9.084592920098933,-3.8716044545118677,-12.860952591413987,-16.885595533636135,-10.35746768395197,32.970570791968356,True,32,False
BLUESTARCO.NS,-8.280401935057402,-4.9287253436361205,-14.868301194445676,-17.12299702678567,-10.696165486996454,95.14183185645176,True,32,False
3MINDIA.NS,-17.183639857260502,-2.8341384863123986,-17.081214786313037,3.552428350780845,-10.146040927273118,15.443939544,True,32,False
ASHOKLEY.NS,-8.893357337990127,-14.860903039434625,-22.74179708004176,3.769943862629632,-10.3238941865654,257.4579662345614,True,32,False
HCLTECH.NS,-0.3684900245600087,-16.943140767675512,-24.31575207455371,-12.687481078444563,-10.936670793958761,310.3580093717507,True,31,False
ATGL.NS,-21.846174815622533,2.4640820497156213,-2.3568106530862387,-11.58101024605237,-11.033217696133612,100.20237213329207,True,31,False
COLPAL.NS,-10.232096354166664,-4.662500897905375,-13.077989461782769,-17.891497853913496,-11.219236184386993,85.98520116931282,True,31,False
TANLA.NS,-12.50109441058127,5.192613425544201,-4.922258343761065,-31.195635164643665,-11.185493780804615,27.538115012932973,True,31,False
RAMCOIND.NS,-21.55914306640625,12.447008783417623,-9.645463148053201,-15.835022348161631,-11.230352569121942,20.018138575404198,True,31,False
BPCL.NS,-6.421720300406896,-3.211709471841162,-23.842288319326123,-15.73708151691713,-11.126903981779643,153.59064827868858,True,31,False
CANBK.NS,-7.531126076907935,-13.284030772056422,-22.459962620269447,-5.011918277611183,-11.163632764750584,171.68001035957093,True,31,False
CAMS.NS,-14.412981228125998,-3.7980099072445483,-10.577752687214726,-11.77551079889707,-10.995447169921668,95.8925819299547,True,31,False
ATULAUTO.NS,-14.508512920277417,-3.408296337932981,-9.088923927219717,-15.170026282650184,-11.336854477671544,11.565204557710945,True,30,False
BANDHANBNK.NS,-26.34294886433515,-5.387490846014053,6.66485318016008,-5.398895126170489,-11.361486104138953,179.7188460526924,True,30,False
VGUARD.NS,-5.290823605583306,-12.174305175228927,-12.904195369314808,-21.535523608708306,-11.43913427288373,44.11136757835934,True,30,False
CDSL.NS,-12.772585669781932,-1.5086412953555617,-14.204002386879445,-15.441915264474627,-11.339946057254702,161.82283171842812,True,30,False
DBL.NS,-5.380844273208341,-8.137919042755648,-15.73847211536249,-21.529158207551724,-11.233447582417309,15.945139285211697,True,30,False
GOKEX.NS,-22.07049232960894,2.2433235874597113,-5.001062047359839,-10.399892475910077,-11.459723119005616,20.280538435148767,True,30,False
PICCADIL.NS,-19.223815205691608,4.283027326345468,-7.5392049209856875,-15.77954862842187,-11.49667132688906,18.009910627337042,True,30,False
BALKRISIND.NS,-9.28658633451528,-9.482635993336563,-16.199085803286707,-12.701927818216385,-11.391364456774044,131.22567045258847,True,30,False
CHEMPLASTS.NS,7.711602681982366,-11.307585222431914,-16.758434371289955,-44.5414649209866,-11.436855830148748,18.245644681053452,True,30,False
ZFCVINDIA.NS,-10.300266774084477,-12.31611960354223,-17.367550033004765,-7.928368287779131,-11.642514294499017,25.901958816204022,True,29,False
BASF.NS,-4.9870906429648425,-5.536747655082963,-15.480371106078783,-28.58880208333333,-11.916020426084952,16.95506073159076,True,29,False
BANKBARODA.NS,-5.924592541924989,-14.016915311937195,-23.15463634952288,-10.664901630386648,-11.937127675139342,180.56929968629908,True,29,False
BEL.NS,-10.382179932775149,-16.28197978476762,-11.031898318789668,-10.783957508348607,-11.772439095491238,425.0401831421156,True,29,False
TATAPOWER.NS,-9.448196805705722,-13.313913525541754,-12.009775356567499,-13.357812310786565,-11.515578960861452,162.29364120684212,True,29,False
PURVA.NS,-16.561996940625,11.053951178417055,-14.17094659025645,-22.43264033002841,-11.734725924623561,22.11045509161454,True,29,False
NTPC.NS,-11.30063965884861,-17.602005802410027,-11.00969921036421,-8.771929824561408,-11.996982831006573,277.90930030248,True,29,False
JUBLFOOD.NS,-2.0050982890277846,-1.1920079539000206,-21.574991267347123,-32.73132440313601,-11.901704040487745,109.0051788361941,True,29,False
AWL.NS,-3.8018861661169523,2.8684282310506237,-22.078703893151406,-31.356444285813335,-11.634098456029605,54.79145597815511,True,29,False
CEATLTD.NS,-15.652711171669864,-7.948644220425372,-14.292094501784891,-7.086099567318104,-12.12645212657362,21.769838479454766,True,28,False
LTF.NS,-19.55651296973525,-4.03408801683277,-18.45144484493011,-0.4307454058147031,-12.405860841409616,160.69146907862165,True,28,False
BAJAJHFL.NS,-7.971093578999211,-2.837045262527027,-16.357101396809483,-26.90341621852841,-12.40795000717267,25.91165886142424,True,28,False
ONGC.NS,-10.9398241133581,-23.329868470932958,-7.064552196287666,-9.18903351109578,-12.292620481006521,272.65383320329465,True,28,False
THERMAX.NS,-30.174760398238988,-7.886623889744104,6.0476761957253045,2.1263932516269346,-12.012415047773969,94.19368982248952,True,28,False
GODREJIND.NS,-28.71817078911515,12.920414466922825,-2.0282326134910766,-15.14681968639925,-12.33819588223956,12.611003399965435,True,28,False
SBFC.NS,-9.149623100525117,-4.069108541097311,-17.157436394564318,-22.118668093748973,-12.328891846092167,18.99267716251882,True,28,False
PTC.NS,-13.32864560728526,-11.169798056645174,-11.302888973609138,-12.426035502958577,-12.311202749556681,38.76241148281502,True,28,False
MRF.NS,-7.003846593289409,-8.901656469183706,-18.825836907017724,-20.304187473481505,-12.407874807252352,48.7762764432,True,28,False
APOLLOTYRE.NS,-9.203363084162087,-9.15181509071521,-20.907473814191746,-15.449647478915196,-12.783132510429265,37.705012311051966,True,27,False
HCC.NS,-20.025242478811744,15.072637422040591,-3.9898941344403416,-33.484953535238674,-12.490539041052383,57.91048202497057,True,27,False
TEJASNET.NS,-19.6044921875,1.8099060232285247,-0.5227395506058219,-24.29321094202136,-12.443005768879733,157.55228175802293,True,27,False
IMFA.NS,-15.529682164628634,-13.503034078163756,-18.929108748615242,1.0424635275450456,-12.489808725698245,19.4449469558734,True,27,False
AFFLE.NS,-7.9126905063669595,1.54011461318051,-22.196608979360477,-26.880221920380254,-12.67241945985883,42.80735796641377,True,27,False
RHIM.NS,-10.67279883850042,-2.932279788687542,-22.17184900294874,-16.587569242143363,-12.607459142156097,30.07845117245459,True,27,False
JSWENERGY.NS,-16.499599492977733,-5.489115085054608,-10.562978147077128,-14.373038175968,-12.68486607881104,96.8933357392546,True,27,False
SUNDARMFIN.NS,-9.174007883266167,-15.966662577042046,-23.303810988044184,-6.7718205806501235,-12.878061982453737,24.498754158700606,True,27,False
AADHARHFC.NS,-17.214037379162583,-6.006357225321102,-11.843021580430324,-13.001277914202724,-13.055746295655863,16.40856371173099,True,26,False
HDFCLIFE.NS,-2.9211718323723934,-5.844043822663137,-26.689051315270262,-26.67939733090179,-13.010967226715996,221.88681351251603,True,26,False
POWERGRID.NS,-12.88461751871176,-16.420667965378467,-8.282716917186427,-13.997244253330654,-12.893972834663813,243.58143509251443,True,26,False
NMDC.NS,-14.655883280870096,-14.969207750105717,-14.432129760256451,-6.874183563236058,-13.117457527067685,131.37789317264318,True,26,False
BLUEDART.NS,-7.788745303022959,-9.607345462534479,-19.76777089472642,-19.781883863786277,-12.94689816541862,13.350551106102031,True,26,False
LUPIN.NS,-21.507665756746775,-14.75317342376603,-6.104523403205809,-0.8664357416634405,-12.947892816425767,191.1929046543886,True,26,False
GILLETTE.NS,-9.897849121248647,-6.682875542121169,-13.37684518726363,-25.15153112317504,-13.001390019011428,15.261215951520002,True,26,False
UTKARSHBNK.NS,-10.657894117680279,4.061300576435833,-10.185185009980469,-38.77367115934117,-13.242668765649274,14.175727395831355,True,26,False
AMBER.NS,-17.06344099858448,-6.438266676344629,-3.9779499404052454,-21.54117718668208,-13.216855160120183,159.8349035889,True,26,False
KFINTECH.NS,-9.018739774460304,-5.592605706255249,-22.720185726060784,-21.07655419759218,-13.485365035765767,69.63034714169802,True,25,False
JKCEMENT.NS,-9.092604681525696,-12.005777216103986,-15.396632529074816,-22.85533396644508,-13.688590614935055,22.080877119160004,True,25,False
IOC.NS,-9.7177554631536,-10.81386312757251,-23.428881473669318,-15.985106066289445,-13.932672318767695,113.22081135425356,True,25,False
MOSCHIP.NS,-18.781941924851363,9.954652169604138,-10.008089416371124,-30.182757303965545,-13.560015680087051,33.55467859581845,True,25,False
RITES.NS,-12.349433482516925,-3.3049371559948804,-18.775042041525893,-21.775083316194532,-13.710785895749831,41.43210903023237,True,25,False
IGL.NS,-4.520816029672647,-5.770478307433402,-23.329137739912486,-30.081808950878862,-13.64461141151401,29.303396890266967,True,25,False
DMART.NS,-11.95012736681802,-20.355105284674625,-3.551545354629271,-20.405573815022247,-13.642495837592435,197.00140451178564,True,25,False
REFEX.NS,-24.833805666738506,14.868827603863721,-2.040823281256421,-30.377668816120895,-13.443455165398122,12.683835718237283,True,25,False
DELHIVERY.NS,-21.823148634965317,-14.760030904040612,-2.779466407996334,-8.415272997993084,-13.920213515992135,125.6603129566326,True,25,False
RELIANCE.NS,-9.761737466473964,-12.00751512570488,-25.841197203390067,-14.16311956345494,-14.307061365099564,1521.5549400241825,True,24,False
RESPONIND.NS,-19.340778151166983,9.308355824839222,-22.757355343112618,-19.852087282206586,-14.39652862056279,23.65676855913602,True,24,False
BRITANNIA.NS,-9.787790969430677,-11.87214611872146,-19.936945158881603,-19.48268669169796,-14.173471981632474,152.5939378175428,True,24,False
RELIGARE.NS,-18.85511792258766,-2.2814038140874127,-16.74383345845132,-13.637626920634617,-14.074620007669735,27.704652715639615,True,24,False
GSFC.NS,-8.917747953675558,-8.867026654869537,-19.580649082593837,-26.14952404940717,-14.486539138844332,14.235805300352153,True,24,False
CENTRALBK.NS,-8.007337229485278,-14.049114825762999,-21.919582419776816,-20.370367753979878,-14.47074789169805,18.59137859854269,True,24,False
SDBL.NS,5.85785710210287,-6.068609390918689,-33.54489700032486,-43.61736012313364,-14.30303046203429,10.608490751497733,True,24,False
VESUVIUS.NS,-13.46662323461797,-10.336510912501351,-15.722231550007514,-18.937665267009308,-14.385930839750824,12.789153989333101,True,24,False
TORNTPOWER.NS,-17.567102055571237,-17.80083156390474,-15.329823746753245,-2.6615347350576357,-14.185278831371619,43.601605724871796,True,24,False
TATACONSUM.NS,-13.071179571922764,-11.4100185528757,-19.21157095645567,-16.043956043956044,-14.561580939426587,128.8511025166056,True,23,False
NLCINDIA.NS,-20.055799136331988,-9.393595940435318,-9.796295166015623,-14.01588594818789,-14.663475065460563,44.91069156521295,True,23,False
TECHNOE.NS,-9.727738671222353,-11.089383201670156,-12.834319998716337,-30.411014546490357,-14.758039017864313,18.58060139395522,True,23,False
FUSION.NS,-30.82988985347148,5.377100681146207,-3.4720144475856585,-15.085157977877483,-14.96797029025198,12.894453233231587,True,23,False
GODIGIT.NS,-10.039559154297805,-14.399998085171573,-22.009432229998815,-19.41819220756279,-15.181348166265758,20.933055414264835,True,23,False
JMFINANCIL.NS,-7.4178864395278215,-9.591779409815548,-20.359606765933023,-29.985737729088125,-14.954579356778469,38.14679726639955,True,23,False
REDTAPE.NS,-17.360405177521788,-7.920310672779651,-8.264869142509557,-21.953081627918102,-14.57181435965018,14.213080515872633,True,23,False
SANDUMA.NS,-12.580569409209719,-9.770468043909542,-31.579964186002453,-8.666598741757737,-15.035633958017836,11.7139500087663,True,23,False
SUMICHEM.NS,-21.545409167321694,0.5178836391890762,-12.953693553222012,-22.478172532773087,-15.600960156289883,17.768705241561502,True,22,False
TCS.NS,-1.1689204675681908,-16.724604094244878,-32.962285546672,-25.70384670199396,-15.545715455609445,722.3885741344367,True,22,False
RENUKA.NS,-5.851757257598056,-21.104254371157282,-16.621881192018982,-28.856865952003407,-15.657303206075156,44.604466622130886,True,22,False
ITC.NS,-4.881099300698388,-12.211221122112214,-23.93480391344074,-34.20726984137048,-16.023098695664043,439.21023017098446,True,22,False
IRB.NS,-13.97637891358472,-16.32359955501893,-17.23485394108153,-16.781717492825766,-15.658585763219133,27.742920877284206,True,22,False
HDFCAMC.NS,-17.697344488905053,-10.03976143141153,-14.965984834046864,-19.066356644607406,-15.893358377575183,189.05644897226688,True,22,False
MMTC.NS,-15.51962816009066,-6.620148912126345,-18.687024003760875,-21.197758011987666,-15.508837449611242,13.412402369234618,True,22,False
LEMONTREE.NS,-6.208593248873462,-2.6619627362741816,-26.668435493287813,-36.256062800960095,-15.600729505653804,37.87328267588448,True,22,False
FORTIS.NS,-18.39647119875454,-7.505439528164237,-14.113278768279958,-19.803143571941106,-15.642960853178877,145.28613171874673,True,22,False
GICRE.NS,-14.320953577064099,-19.65042644600612,-17.356244255514707,-14.566818442759445,-16.043079259681694,28.233729959664917,True,21,False
TRANSRAILL.NS,-8.24447087346022,-11.029201743133676,-16.67713197274504,-36.37546191111165,-16.11414747478216,58.8066955353,True,21,False
ELECON.NS,-17.051794044525025,-2.2190940640104517,-16.30991777458368,-28.765716774942163,-16.279663340517267,56.69200656604121,True,21,False
DABUR.NS,-11.893365781582721,-9.944103934884275,-25.805832089384882,-22.059857510003024,-16.319305019487526,83.90356745590191,True,21,False
M&M.NS,-11.523856550615152,-11.702668054252129,-26.227477636331276,-19.231659411557622,-16.041903640674267,717.5328641981247,True,21,False
MAXHEALTH.NS,-20.10486107356111,-7.450654327929085,-15.868635145838294,-17.340064706858836,-16.17381526554969,239.9008134418129,True,21,False
EIEL.NS,-23.710200865020493,5.233619375780685,-11.22292893616864,-29.16075756970562,-16.51409377202691,22.51850549366861,True,21,False
FACT.NS,-14.774780017409483,-15.279631329087561,-18.301967474578085,-19.018539521635358,-16.429939672023995,69.24866514295961,True,21,False
JPPOWER.NS,-13.460399400372335,-13.563353988145844,-18.416618929402283,-21.671157247585793,-16.11438579317572,95.69939364143895,True,21,False
RECLTD.NS,-14.542085050028664,-13.494806643680512,-21.259842519685034,-21.12528061367972,-16.992819975420517,199.21772263457652,True,20,False
ORISSAMINE.NS,-6.719870135743422,-4.395635421873045,-30.022797105758748,-37.59612710383375,-17.09085998059048,11.118536727114922,True,20,False
AVANTEL.NS,-21.64780146302031,-2.5450180220813468,-8.549292749710503,-28.824954023363926,-16.642973544239283,19.37574108373966,True,20,False
CELLO.NS,-0.27326136538950996,-12.01783439078069,-32.96289569424123,-38.83861157348056,-16.8731728778563,61.53731516350001,True,20,False
TCI.NS,-8.877355526509856,-15.501415017367748,-21.12551994376737,-30.008219300696158,-16.8779730629702,14.331781411400145,True,20,False
ESCORTS.NS,-8.0546841467093,-12.685468066191842,-31.08452758133985,-23.504692533968342,-16.67681129498373,28.188130263943535,True,20,False
BSOFT.NS,-4.677581213161974,-23.583773100604688,-33.21629690059428,-18.485717773437504,-16.928190040192085,43.19973867863123,True,20,False
SHREECEM.NS,-16.426949280847847,-7.961650687786581,-20.130222463374935,-24.33173406442769,-17.05550115545698,82.862861814,True,20,False
OLAELEC.NS,-12.872020500970416,-3.2764279645039918,-20.03186700643783,-34.932394932437326,-16.796946181063998,284.0529556915163,True,20,False
TATAINVEST.NS,-12.709395484340858,-5.904055433360645,-14.116804012898598,-40.08698333469313,-17.105326749926817,77.06997870202132,True,19,False
NATCOPHARM.NS,-19.444868148306305,-29.749928030981987,-12.879368095822974,-4.030145750515757,-17.109835634786663,38.916251527030745,True,19,False
AAVAS.NS,-20.381741820478595,-2.253174928308066,-17.147025503700043,-28.219013237063784,-17.67653946200582,13.756765205015233,True,19,False
DALBHARAT.NS,-9.020545341886155,-16.32994891588003,-25.085521873348917,-29.06775479341426,-17.704863253283104,31.231694078069474,True,19,False
RAMCOCEM.NS,-13.925604638047284,-17.62215670214651,-25.1020196286173,-18.408690296239584,-17.796815180619593,22.49552110083296,True,19,False
POCL.NS,-23.242863330410767,-4.872784860017221,-25.164527099180887,-11.377146181002518,-17.58003696020443,20.377172570986886,True,19,False
PRAJIND.NS,-20.022391797531014,-15.092102611229363,-11.200875447226878,-20.055947470498246,-17.278741824803305,26.386018706109716,True,19,False
HINDUNILVR.NS,-12.855539938521387,-12.961747905914988,-22.121560541977626,-27.042319053023288,-17.567341475591736,253.10173880538431,True,19,False
KAYNES.NS,-1.671938544961593,-15.253797221861609,-18.35101260094405,-55.12168293688986,-18.41407396992374,444.05102126538134,True,18,False
CIEINDIA.NS,-21.016189854966083,-22.695997647677622,-14.916810097532984,-10.077610725963094,-17.944559636221175,12.820646750240222,True,18,False
CESC.NS,-17.7186281903681,-14.928807095137152,-23.19267233321971,-19.90020185121869,-18.691787532062353,26.80272897787674,True,18,False
JIOFIN.NS,-11.097306714107269,-10.140680619689302,-28.555259827620382,-28.863113545414144,-17.950733484187673,335.99459033433516,True,18,False
IEX.NS,-11.801350094538988,-19.207343043550086,-22.02709110580002,-27.028343581308768,-18.37309558394737,41.98743766129332,True,18,False
CANFINHOME.NS,-23.04848385598044,-14.638056004490474,-23.811792593390724,-9.054644182789017,-18.72029209852622,18.54205922731447,True,18,False
THOMASCOOK.NS,-7.354208831497189,-5.25852193708618,-32.86844068976674,-39.35309926639591,-18.437695911248642,17.451306537203465,True,18,False
CHOLAHLDNG.NS,-15.034579183285746,-11.434349376485642,-26.936919701080264,-23.940904760357775,-18.47626644089904,26.498907199170528,True,18,False
HDFCBANK.NS,-13.533835876881428,-11.338850548187818,-27.647058823529413,-26.72123689481666,-18.55496360405935,2146.983173292118,True,18,False
ARE&M.NS,-20.686429824340546,-2.5873165956081023,-22.125612246875658,-27.831438986072886,-18.78344549544755,69.05924611013712,True,17,False
AGIIL.NS,-27.233677771790397,-29.74841096823826,-1.9297568051783065,-8.452223541371684,-18.919549371673813,37.652710692419795,True,17,False
COCHINSHIP.NS,-12.877181083753996,-13.617530801985389,-24.5398773006135,-33.92425463336019,-19.567204980693415,155.6453669696279,True,17,False
PFC.NS,-19.081712452700963,-23.420161864012723,-12.598320634017046,-20.475502647892164,-18.931482010264773,325.49538048650004,True,17,False
SURYAROSNI.NS,-17.148536743097754,-5.442086553455761,-25.636264012187425,-29.13945515950521,-18.902975842268784,13.585855960405397,True,17,False
IRCTC.NS,-8.614680022228205,-13.686389177067404,-32.084968383779454,-35.15194518827297,-19.63053255871525,40.4465384331665,True,17,False
DAMCAPITAL.NS,-11.434218764513847,1.528773278186124,-33.24802186018631,-40.14187331454525,-18.945911885114626,10.212541518519693,True,17,False
ICICIPRULI.NS,-11.381570718628176,-15.019839944752455,-32.65335903560433,-23.382131675511065,-18.76369441862484,74.29942587448934,True,17,False
FIEMIND.NS,-21.866062543788523,-19.02048045998258,-25.60129928411333,-9.768189935328387,-19.62441895340027,20.367309579086815,True,17,False
MAZDOCK.NS,-16.340634383526154,-17.470745226852802,-20.06998691580202,-30.23982348462799,-20.092364878867023,184.3331998896332,True,16,False
GENESYS.NS,-19.694549005681814,17.793889739022962,-35.138631617917056,-44.5014090912075,-20.247049796293048,39.11136829037011,True,16,False
EMAMILTD.NS,-13.528376311988,-11.815252072492777,-29.875670622145044,-32.89437464378605,-20.328409992479976,65.12663448705351,True,16,False
MFSL.NS,-19.738943989342673,-18.52059653605559,-23.126137893529354,-18.352972314367477,-19.895518944527552,155.83097894735454,True,16,False
TATACHEM.NS,-17.44821110781709,-9.206371937001535,-20.992700066239646,-36.27768773635872,-20.27463639104682,123.98335123626525,True,16,False
KNRCON.NS,-12.478689792565866,-4.142618638701034,-28.18621583306008,-42.98697386606841,-20.054637584592253,20.348282954392808,True,16,False
CAMPUS.NS,-14.127545941651709,-17.08405108107549,-24.405220496523093,-28.610258639089704,-19.670924419998343,11.59830628469911,True,16,False
HAVELLS.NS,-11.647441732346254,-17.14399363564041,-28.2416988782635,-30.011422815196898,-19.73839975875866,102.85189251298499,True,16,False
SHARDACROP.NS,-20.550951542850004,-29.970004971616902,-14.619325911546422,-14.920368433277675,-20.1223204804282,11.087775252217156,True,16,False
JYOTHYLAB.NS,-6.339081525246204,-15.132081719860203,-34.18315164570495,-40.108346159209965,-20.420348515053508,18.007472594579216,True,15,False
MUTHOOTFIN.NS,-14.183424843162495,-24.4734119460724,-33.060445009643594,-17.139163080783902,-20.60797394456498,284.7369550739797,True,15,False
HINDPETRO.NS,-16.75178883581909,-8.93854748603352,-33.79366286740167,-26.954961031451774,-20.63814981130503,179.04496223336517,True,15,False
INFY.NS,-7.183017678717707,-23.145085372674266,-36.292330125720106,-29.254801487222494,-20.611650468610456,1041.7523641462521,True,15,False
ASIANTILES.NS,-5.86413407947961,-27.680838371690687,-40.746037553992785,-21.975012982244525,-20.426031413377444,22.94441926666132,True,15,False
JBMA.NS,-24.111695520831734,-12.620883557394592,-18.839246815099642,-22.58348198063913,-20.45340067895937,31.684216749560225,True,15,False
ERIS.NS,-19.25650517559089,-14.177848242463986,-24.079121195079445,-26.523572754991953,-20.658710508743432,12.9680907392084,True,15,False
GODAVARIB.NS,-16.882049451314153,-28.232240263526176,-24.471757881181155,-15.726526454341961,-20.438924700335523,12.025116581192423,True,15,False
TCIEXP.NS,-17.619507995244465,-13.242135773861163,-19.98111687161369,-36.29655020205201,-20.95176376760316,10.418983429455071,True,14,False
NCC.NS,-13.42332973298439,-15.47144296167584,-21.172390564229936,-40.555188394326905,-20.80913627724029,46.69924049483582,True,14,False
JKTYRE.NS,-18.70275812375164,-20.82640962619048,-34.40236224368236,-10.724331771702866,-20.671723977815795,22.716204826639842,True,14,False
INDRAMEDCO.NS,-13.156507497103487,-23.23574186905698,-25.410859719930045,-28.838669520693838,-20.75965722077757,13.67305468951766,True,14,False
CHAMBLFERT.NS,-17.961646511130137,-17.763376290828536,-22.59332080611596,-27.977683471005953,-20.851534718042146,22.45234502034822,True,14,False
SAMHI.NS,-20.30776376384611,-8.072043706011488,-25.17796020919627,-29.529204675027433,-20.678947223585485,19.894817633566884,True,14,False
GODFRYPHLP.NS,-13.318677270914502,-10.890509747327414,-19.886894708869885,-47.06603599973144,-20.896158999551552,56.76949672100384,True,14,False
SOBHA.NS,-23.45150435816601,-10.67968837624237,-26.330145653746552,-20.98891977200259,-20.980352503664704,11.744589912398336,True,14,False
SAMMAANCAP.NS,-23.327876033236794,-17.65548685870978,-16.535746348552472,-23.383625173202006,-20.84612208938757,94.13173866275054,True,14,False
EIDPARRY.NS,-12.20848557444566,-17.06993929327506,-31.63639812752841,-33.88040999408921,-21.400743712756803,42.6606263667938,True,13,False
OLECTRA.NS,-25.435335053050757,-7.646070561881646,-15.775892879635222,-32.37977701527613,-21.334482112578904,48.35632563999397,True,13,False
GRSE.NS,-22.51761249967409,-18.92534788296343,-18.225419664268582,-24.90089291811145,-21.41737709293833,102.02669761092962,True,13,False
ACI.NS,-14.019841701848135,-25.223893366048568,-20.736804190152426,-32.764480496390426,-21.35297229125754,17.62227319043597,True,13,False
ICRA.NS,-16.260412477526497,-16.34748455076094,-29.513344409597774,-29.259795288768984,-21.528289840836138,18.0700171382909,True,13,False
GPIL.NS,-19.457774018023887,-27.592493200032752,-24.645984955947764,-16.54068404943677,-21.538942048293013,39.12781323930751,True,13,False
UBL.NS,-12.455041232119745,-20.378953786168285,-26.421868923682258,-35.07836304757886,-21.35785364433378,15.819198734544573,True,13,False
SBICARD.NS,-9.164378711545606,-15.981465168536047,-35.66113337149399,-36.999046276492784,-21.394080447922807,134.09647806506428,True,13,False
COROMANDEL.NS,-17.314696195976143,-20.63551294498106,-25.9133585338735,-25.98739846126168,-21.433132466413706,29.887810900431816,True,13,False
IREDA.NS,-16.352853482857487,-15.21156188202476,-27.78585028930164,-32.247385289730836,-21.590100885354445,56.02072471153386,True,12,False
WIPRO.NS,-8.888631957958504,-19.864932598677065,-38.2567357154431,-32.53796572059598,-21.68737959012663,261.03663530746405,True,12,False
TIINDIA.NS,-24.24087069883005,-19.330734494560918,-12.529644268774708,-29.43465032720495,-21.955354097640136,105.37688443301718,True,12,False
AVANTIFEED.NS,-26.301919293840083,-45.637637979320566,-18.46755313624745,7.562114386613827,-21.829383063326873,28.694312110831557,True,12,False
PFIZER.NS,-19.59546252956976,-19.81217761547547,-21.810903373947742,-27.08090088708712,-21.57898138712997,23.28010680981541,True,12,False
BLS.NS,-9.71607694048473,-24.634905382319594,-31.670094047563246,-34.49560989716196,-22.046552641602855,47.978428309617726,True,12,False
MSUMI.NS,-17.242233647285232,-13.037849547081349,-35.54274787928846,-26.650638377971436,-21.943140619782344,39.68505922014679,True,12,False
MARUTI.NS,-16.611902154070822,-15.96143939951431,-33.430486738560184,-27.748956092623057,-22.072937307767837,514.0005951094399,True,12,False
CROMPTON.NS,-21.653930414789624,-13.783099675235999,-21.035610929604786,-30.518295349356993,-21.728973356755404,80.2136942520073,True,12,False
IPL.NS,-17.74049408848444,-11.532655181189233,-26.234197843850417,-39.24044689998099,-22.497657620397902,10.036153311063877,True,11,False
APTUS.NS,-25.48186676078098,-0.9640573318015044,-25.002607229265895,-33.85558799182168,-22.15719721489021,37.62698269045546,True,11,False
GODREJCP.NS,-19.481609496058727,-19.076501645110877,-30.84465432510316,-25.108790252393387,-22.798633042944974,165.57618953108903,True,11,False
BAYERCROP.NS,-14.825109362476018,-27.384639503557196,-23.466371873665647,-30.91851337390672,-22.28394869521632,10.730390002149726,True,11,False
BDL.NS,-17.4163352709543,-18.830628109086188,-30.2179277246864,-31.07181705516735,-22.990608686169708,169.23409313690868,True,11,False
WAAREEENER.NS,-19.345877391087573,-28.131672032050147,-14.416241454111356,-32.44932780925722,-22.737799215518777,162.58103298311966,True,11,False
GMDCLTD.NS,-21.609701727484932,-23.529409685436896,-24.15066417931454,-24.620777638294754,-23.10405099160321,63.61601069772737,True,11,False
RALLIS.NS,-14.133358877107671,-22.472307272004233,-26.630861788331128,-36.45813609174894,-22.76560458125993,13.157414643603618,True,11,False
SIGNATURE.NS,-16.119316267812312,-13.492933923865335,-37.124771354629104,-32.54963230476692,-23.081194023777197,21.919931204289178,True,11,False
MEDPLUS.NS,-23.906299021238976,-26.92959534993061,-24.888890355198946,-16.25259929728441,-23.176736608978384,10.141803532155926,True,10,False
KPIGREEN.NS,-18.94855292239167,-19.5100846948699,-33.75420102237774,-28.12638457663469,-23.857555227733137,69.91477171173013,True,10,False
GODREJPROP.NS,-28.327017016237278,-8.581539368917724,-27.031351302644623,-23.757993113625187,-23.20498356353242,115.73008948567195,True,10,False
SONATSOFTW.NS,-24.331592110947454,-2.160127209225271,-33.66158283037881,-31.5932523680584,-23.21562932591148,39.25007314494567,True,10,False
EMSLIMITED.NS,-27.450982155500537,5.314246206265283,-25.23943395703202,-43.8410292889485,-23.733636270143265,17.41805338753155,True,10,False
INDIAMART.NS,-17.709716843258928,-23.492996562943514,-26.933746647521172,-32.24255228989173,-23.617745837374855,18.15568382266963,True,10,False
RCF.NS,-20.16511497162159,-18.31690759983402,-29.14998992822645,-29.962442421399636,-23.55191397854066,16.020186268297323,True,10,False
PRSMJOHNSN.NS,-13.413874491478184,-21.35076173591165,-29.583873349182987,-39.32395319282848,-23.4172674521759,25.892646417615467,True,10,False
PATANJALI.NS,-11.838080756743373,-21.590166927231145,-37.088750409732896,-38.745856958158065,-24.22018716172177,151.11473423717294,True,9,False
SWIGGY.NS,-12.209016533625338,-13.86539087698363,-38.10782221832957,-43.40944943959669,-23.960139120432114,547.7293649078649,True,9,False
HUDCO.NS,-24.015412944234228,-12.19149869109728,-29.414106207964508,-31.669444977277593,-24.26117515296157,36.938496117532274,True,9,False
VOLTAS.NS,-23.401263344062617,-19.48750436050284,-30.0040684592244,-24.015000542425035,-24.061820010055506,100.18481334910223,True,9,False
ORIENTTECH.NS,-9.810658936804318,-13.178839889303962,-47.06055638619265,-39.60931341213212,-23.894005512247475,15.456446904369091,True,9,False
FINOPB.NS,-13.58086122446933,4.403178956444576,-45.464501663396064,-51.590278413560654,-23.962664713890163,12.240964337047249,True,9,False
YATRA.NS,-16.982127949863678,-7.498535874319545,-45.726398264889646,-34.84181441491776,-24.40620089077086,18.68925042953039,True,9,False
BATAINDIA.NS,-11.838697308258261,-12.542785321724114,-35.92958424930172,-49.37675518897067,-24.305303875302606,25.438571675931154,True,9,False
RAILTEL.NS,-19.69255860955198,-12.13130176741739,-32.9596115120073,-35.96955187389984,-24.0891164744857,24.85695755690588,True,9,False
BBTC.NS,-19.280054452712182,-15.449013771716691,-34.601594289144714,-33.53094790526849,-24.428332974310855,58.013954599753774,True,8,False
BORORENEW.NS,-33.50841927805771,-4.398049261145188,-20.31843479719018,-31.163535562337564,-24.57937163535767,21.678979683887814,True,8,False
CSBBANK.NS,-17.247555861165754,-24.067749874203226,-46.120728401389165,-22.13868927971079,-25.364455855526938,20.729769600312377,True,8,False
MOIL.NS,-14.992759803799792,-21.771266209700613,-36.06530429554634,-40.01531800063357,-25.56748162269602,36.94306889602577,True,8,False
JWL.NS,-17.42730639848965,-20.270725902082056,-34.98104809810937,-36.88549125932394,-25.39837561129893,30.24680050397682,True,8,False
SKFINDIA.NS,-11.1365179770465,-11.781024825557473,-23.696264123619436,-71.34134940656254,-25.81833486196649,13.219534590319464,True,8,False
ACC.NS,-17.82709893555895,-18.600475599750755,-36.04651074657683,-38.726947436090995,-25.805626330707298,18.51464216421832,True,8,False
UPL.NS,-17.456694177096534,-23.91744358145931,-39.33051459211063,-27.529671779372222,-25.138203661427045,125.1330123239909,True,8,False
BAJAJELEC.NS,-11.454461206720667,-17.176206195017674,-37.552390532900084,-45.220588235294116,-24.571621475330645,15.426874291238695,True,8,False
PIIND.NS,-17.547685824372326,-26.469261392177046,-35.09621620942291,-41.43765686558266,-27.619701223185455,68.0068118344841,True,7,False
ZENSARTECH.NS,-16.96594267734628,-19.048906775596596,-36.779423848771145,-40.99579313466104,-26.15120182274427,94.66253206497302,True,7,False
KSCL.NS,-21.698385271062193,-25.5199759325224,-29.919752752475404,-35.07291136400338,-26.781882118225116,53.949779403942266,True,7,False
AMBUJACEM.NS,-18.662500297478424,-19.018543972945135,-38.46827133479213,-38.991584638485236,-26.76068010823587,85.61969151721166,True,7,False
TTML.NS,-20.014590846340518,-18.60925633793403,-33.51526464914656,-41.818503272825424,-26.79444119051741,16.642723079987977,True,7,False
ZEEL.NS,-30.948386503177417,-11.654035458575763,-23.26167911108099,-38.56891985659418,-27.076281486521157,248.0043468652659,True,7,False
JISLJALEQS.NS,-16.165060994323397,-15.164834743663425,-34.209883957781415,-49.27726633081768,-26.196421404181866,12.331591832612768,True,7,False
SWSOLAR.NS,-31.583393600697406,-7.518544041712816,-24.759830046536223,-34.078802933598915,-25.904792844648554,17.489143194160828,True,7,False
SUZLON.NS,-29.283430940417254,-14.98982848006607,-29.942240065368008,-30.95850329376629,-26.891486744006976,226.82636162304453,True,7,False
IRFC.NS,-16.76880562869951,-24.15473797494996,-41.4576819423769,-40.643625066389674,-27.958731248223117,69.91840421951322,True,6,False
AFCONS.NS,-19.050169469520796,-22.085949447407348,-36.721570382710375,-46.19540068863828,-28.62065189155952,46.6326532245927,True,6,False
INTELLECT.NS,-24.951820024785775,-13.04154161517176,-39.646622964115195,-40.76665753501645,-28.671692432774993,26.58953046744,True,6,False
IRCON.NS,-20.6736973710105,-21.636810838578167,-40.93323068862891,-40.11111761739497,-28.805710777324606,41.52112108596114,True,6,False
NBCC.NS,-26.633165186957008,-15.22259190236599,-37.76849299214775,-34.176098588609264,-28.086702771407406,45.65475377000323,True,6,False
HAPPSTMNDS.NS,-24.892647461196514,-19.33061108020079,-33.880549080398836,-41.50582586586705,-28.900456189771944,67.71920235572514,True,6,False
SJVN.NS,-21.68059983452527,-21.802489786185898,-36.94238505923465,-39.57581751375994,-28.336378405646208,14.494987255713287,True,6,False
SYNGENE.NS,-17.354588116519864,-11.625543499736557,-46.99420491980219,-45.33438333650914,-27.732661597817525,39.1670496812405,True,6,False
DBREALTY.NS,-28.839386484740125,-13.68206603235359,-30.904947692525287,-47.51405012980007,-29.955967364831842,10.765553988890945,True,5,False
TATAELXSI.NS,-18.13997489123943,-29.69451931716083,-41.64258413349492,-41.55541032583325,-29.834492711793573,79.7028925621693,True,5,False
BIKAJI.NS,-26.63765967245242,-26.230665762950867,-34.25945326677281,-35.26911377538996,-29.806910430003693,16.459138820963055,True,5,False
NEWGEN.NS,-23.911941101952795,-1.7279143051477375,-46.0753743146456,-49.610275837964444,-29.047489332332674,51.89002705163391,True,5,False
ASHOKA.NS,-22.805694751720253,-15.915276433339542,-39.17605720995314,-45.95825971884966,-29.33219657311657,31.60693648255521,True,5,False
JKLAKSHMI.NS,-17.167425760848655,-23.954436486091335,-41.43743584883536,-45.84540797640134,-29.11442636660507,11.125235682206645,True,5,False
RHETAN.NS,-34.53724729693608,-30.455638288643282,-30.704901650392046,-19.963202383992794,-30.039647383380057,30.76558144843192,True,5,False
V2RETAIL.NS,-30.748545148710605,-20.475601723925873,-35.37998144361715,-30.496196560172272,-29.569774005027305,33.12546151640413,True,5,False
IXIGO.NS,-28.360972652664028,-11.40170120034616,-35.39747329891807,-47.36382569390464,-30.17698909969939,20.73442917789138,True,5,False
CMSINFO.NS,-21.83844980522178,-26.763696539891914,-37.507306114841334,-43.83453549480877,-30.35648755199712,22.52614628460293,True,4,False
WEL.NS,-25.75921285943259,-5.692880955630741,-51.823979945591915,-41.91464887127789,-30.18998709827315,43.302127031472885,True,4,False
VIKRAN.NS,-25.635899752453618,-15.03347669598465,-42.722329083833266,-42.54553066170297,-30.314627189285627,12.55926784817946,True,4,False
RAYMONDLSL.NS,-19.66053155139886,-23.894595057277947,-40.92124572421372,-48.75848338311483,-30.579077453480846,19.363594827175405,True,4,False
ABREL.NS,-28.83892488053195,-20.71506371674462,-39.96359182062976,-36.863882249187796,-31.044077509525216,26.566025366773722,True,4,False
WEBELSOLAR.NS,-34.2129016761092,-16.16161557040333,-24.66682099594627,-45.76958257476882,-31.004764498667363,16.54953102105698,True,4,False
ASHAPURMIN.NS,-33.077471529073385,-8.892116537403238,-47.717935836427685,-31.842202273909702,-30.921439541177477,25.779151373791407,True,4,False
INOXGREEN.NS,-32.35386875311803,-15.06686614978383,-37.33534202777021,-36.8781851245787,-30.79762616167376,61.84311016155099,True,4,False
MAPMYINDIA.NS,-26.31446049486844,-5.54955078680811,-49.2058896279579,-47.68723932978205,-31.01432014685699,21.745058872192494,True,4,False
LATENTVIEW.NS,-23.580372252123837,-22.183464948388288,-49.25970595804572,-44.18811939045892,-32.55840696022812,15.95050737443412,True,3,False
RVNL.NS,-17.660015796544204,-30.12131976703151,-47.18836734169408,-45.0655523404842,-31.53905420845964,100.0287867073744,True,3,False
AWFIS.NS,-17.436501102692258,-20.52057503950564,-49.139387982144115,-58.13760227086785,-32.53411349958043,24.113188371359495,True,3,False
INOXWIND.NS,-17.80736892852022,-21.9463613979617,-47.02749826137486,-52.854209642838335,-31.488561431843067,96.4010063797275,True,3,False
SYMPHONY.NS,-26.172436208908977,-27.00951369103828,-41.23560173586051,-41.28983147855506,-32.375963864654366,10.535743340360067,True,3,False
RTNPOWER.NS,-27.494460865310323,-25.427598398088215,-31.945887663909676,-43.91080576811024,-31.25464271214576,13.282507612,True,3,False
ROUTE.NS,-28.506471706012537,-13.860462592861754,-40.801250496631404,-47.55851686255629,-31.846634672814908,10.903479771997754,True,3,False
NETWORK18.NS,-22.334067873530127,-22.964115064602886,-43.82252535732082,-52.80061195589245,-32.85107762497528,12.87576959053489,True,3,False
CAMLINFINE.NS,-28.67221381802778,-13.538960679550549,-37.69129487215521,-53.706844874547734,-32.45630561246182,11.24786612290613,True,3,False
FIRSTCRY.NS,-21.640650957796648,-30.336847010341717,-43.46867229107926,-54.536416180040746,-34.324647479411006,85.4751936906512,True,2,False
ABFRL.NS,-27.86315859085797,-25.295222834335075,-43.341120188017435,-50.39208707169194,-34.950949455152085,31.998720942035956,True,2,False
VEDL.NS,-2.0953065174751484,-64.17910447761194,-57.11849435054294,-43.94309519967807,-33.88626141255665,287.34207738092584,True,2,False
ZAGGLE.NS,-22.727272408824007,-33.2698947021977,-51.231527071814995,-51.54045235611001,-36.299283789554146,55.63440098732057,True,2,False
PGHH.NS,-22.046934650797212,-28.231767199048953,-46.41478851497376,-51.57634093603962,-34.063353190331355,13.311029685760001,True,2,False
SHAKTIPUMP.NS,-26.895231239264405,-18.60126274890723,-43.147896879240164,-49.07013567728509,-32.92195155679226,32.18967839786664,True,2,False
GRMOVER.NS,-15.528350250808387,-52.3548686531227,-53.23749478354847,-35.18898786709998,-34.367610361077595,10.623125655519834,True,2,False
VIKRAMSOLR.NS,-27.1050997131826,-28.790149659967824,-40.628257753919804,-57.0354694870283,-36.13281526545623,64.37395208677577,True,2,False
KPITTECH.NS,-16.470487435081292,-33.10522894129382,-58.384013900955686,-58.6248578904115,-36.611015120564716,115.2357878946413,True,1,False
OSWALPUMPS.NS,-37.659312229530485,-30.52444636354429,-49.468560043842004,-66.23298956475067,-44.30892408623959,15.819862031875527,True,1,False
TRIVENI.NS,-50.60882297316493,-38.427172261542694,-37.98973668239507,-32.60795254721847,-42.04850148749722,26.094088764403537,True,1,False
PNCINFRA.NS,-45.550795345705666,-25.09033793803168,-46.71148813893953,-54.36409636133308,-43.45350262594312,24.71526272702822,True,1,False
INDOTHAI.NS,-83.05905073489505,-87.33195476497626,-85.54572271386431,-87.95279414174523,-85.38971461807519,14.471487235885412,True,1,False
INDIAGLYCO.NS,-69.7114481811388,-63.44682248625288,-67.26911558058436,-64.39451207117398,-66.90666930005777,50.937359373617724,True,1,False
VERANDA.NS,-85.16777395880285,-77.20100754138657,-83.73226093540566,-85.75334542582414,-83.40443236404442,15.514919196802902,True,1,False
KEC.NS,-25.4109102448404,-36.03424450100383,-50.86682084310652,-56.71990973182028,-38.88855911312229,57.82148070645006,True,1,False
HGINFRA.NS,-29.275590417507125,-22.859061171924246,-46.43690333464916,-57.94294687254645,-37.15801844282682,21.952548194397746,True,1,False
ALOKINDS.NS,-29.632525200601556,-32.533733905137574,-44.06463695059411,-49.494948630027025,-37.071673977392365,23.778936968776136,True,1,False
POLICYBZR.NS,-36.53580738152592,-32.230632363926304,-42.88939051918735,-40.4880917377242,-37.73594587677794,654.6363771622513,True,1,False
JSLL.NS,-33.64631134522028,-40.82353716772482,-41.79826310593361,-50.88312415927314,-40.159509424674425,39.732588996100006,True,1,False
AURIONPRO.NS,-32.04179886066789,-26.687790216375063,-45.5072485882303,-47.060897337086246,-36.66790677260548,12.245220176085306,True,1,False
